/*
 Navicat Premium Data Transfer

 Source Server         : localhost_3306
 Source Server Type    : MySQL
 Source Server Version : 50723
 Source Host           : localhost:3306
 Source Schema         : gent_hairsalon

 Target Server Type    : MySQL
 Target Server Version : 50723
 File Encoding         : 65001

 Date: 12/12/2018 09:42:27
*/

SET NAMES utf8mb4;
SET FOREIGN_KEY_CHECKS = 0;

-- ----------------------------
-- Table structure for articles
-- ----------------------------
DROP TABLE IF EXISTS `articles`;
CREATE TABLE `articles`  (
  `article_id` int(11) NOT NULL AUTO_INCREMENT,
  `article_category_id` int(11) NOT NULL,
  `article_title` text CHARACTER SET utf8 COLLATE utf8_general_ci NOT NULL,
  `article_description` text CHARACTER SET utf8 COLLATE utf8_general_ci NULL,
  `article_image` text CHARACTER SET utf8 COLLATE utf8_general_ci NULL,
  `article_keyword` text CHARACTER SET utf8 COLLATE utf8_general_ci NULL,
  `article_content` text CHARACTER SET utf8 COLLATE utf8_general_ci NULL,
  PRIMARY KEY (`article_id`) USING BTREE,
  INDEX `fk_article_category_id`(`article_category_id`) USING BTREE
) ENGINE = InnoDB AUTO_INCREMENT = 7 CHARACTER SET = utf8 COLLATE = utf8_general_ci ROW_FORMAT = Dynamic;

-- ----------------------------
-- Records of articles
-- ----------------------------
INSERT INTO `articles` VALUES (1, 3, 'Đẹp trai chơi Tết với kiểu tóc nam Side Part uốn xoăn bồng bềnh, lãng tử', 'Side Part đang là 1 trong những kiểu tóc nam HOT trend dạo cuối năm nay. Hàng trăm anh em nam giới đã đổ về Gent chỉ để “lột xác” với kiểu tóc nam đậm chất Hàn Quốc này. Bạn còn chần chừ gì nữa mà không sẵn sàng “quất” ngay để sẵn sàng đẹp trai đi chơi Tết chứ nhỉ?', 'images/article/1/explore.jpg', 'side part, hot trend 2018', '<h2>Đẹp trai chơi Tết với kiểu t&oacute;c nam Side Part uốn xoăn bồng bềnh, l&atilde;ng tử</h2>\r\n<h4>1. Side Part &ndash; Kiểu t&oacute;c nam dẫn đầu xu hướng cuối năm 2018</h4>\r\n<p>Side part l&agrave; kiểu t&oacute;c c&oacute;&nbsp;phần mai hai b&ecirc;n v&agrave; sau g&aacute;y được tỉa ngắn. Trong khi phần t&oacute;c đỉnh đầu c&oacute; độ d&agrave;i ở mức từ 8-10cm. Đặc điểm g&acirc;y ấn tượng của&nbsp;<strong>kiểu t&oacute;c Side Part</strong>&nbsp;ch&iacute;nh l&agrave; phần m&aacute;i được chia ng&ocirc;i 3/7 r&otilde; r&agrave;ng. V&agrave; kiểu t&oacute;c nam đặc biệt n&agrave;y c&ograve;n c&oacute; thể kết hợp với rất nhiều dạng khu&ocirc;n mặt kh&aacute;c nhau.</p>\r\n<p><img class=\"img-fullwidth\" src=\"https://blog.30shine.com/wp-content/uploads/2018/12/Screenshot-2018-12-02-16.20.46.png\" alt=\"article-1-img\" width=\"1254\" height=\"676\" /></p>\r\n<p>Side Part đang trở th&agrave;nh 1 xu hướng t&oacute;c cực HOT dịp cuối năm 2018. H&agrave;ng ng&agrave;n ch&agrave;ng trai đ&atilde; đến 30Shine mỗi ng&agrave;y chỉ để lựa chọn kiểu t&oacute;c &ldquo;thần th&aacute;nh&rdquo; n&agrave;y. Ngo&agrave;i ra, từ kiểu t&oacute;c Side Part, c&aacute;c bạn c&ograve;n c&oacute; thể dễ d&agrave;ng tự biến tấu th&agrave;nh c&aacute;c kiểu t&oacute;c kh&aacute;c như Layer, Comma Hair, Middle Part,&hellip;</p>\r\n<h4>2. Kết hợp uốn xoăn, Side Part l&atilde;ng tử qu&aacute; hợp cho anh em đi chơi Tết</h4>\r\n<p>Bản th&acirc;n Side Part đ&atilde; đẹp nhưng khi kết hợp th&ecirc;m với uốn xoăn, bạn chắc chắn sẽ kh&ocirc;ng hối hận v&igrave; điều đ&oacute;. Uốn xoăn sẽ mang lại những đường n&eacute;t mềm mại, bồng bềnh cực kỳ l&atilde;ng tử. Nếu cho Side Part thường được 8 &ndash; 9 điểm th&igrave; kết hợp với uốn xoăn, bạn sẽ sở hữu ngay 1 kiểu t&oacute;c 10 điểm đẹp trai tuyệt vời.</p>\r\n<p><img class=\"img-fullwidth\" src=\"https://blog.30shine.com/wp-content/uploads/2018/12/Screenshot-2018-12-02-21.23.02.png\" width=\"933\" height=\"667\" /></p>\r\n<p style=\"text-align: center;\"><em>Kết hợp uốn xoăn, Side Part l&atilde;ng tử qu&aacute; hợp cho anh em đi chơi Tết</em></p>\r\n<p>Điều g&igrave; đ&atilde; khiến t&oacute;c uốn trở th&agrave;nh xu hướng cực HOT dịp cuối năm? Đ&oacute; ch&iacute;nh l&agrave; khả năng đẹp m&agrave; chả cần vuốt s&aacute;p. Ri&ecirc;ng với m&aacute;i t&oacute;c uốn xoăn, bạn c&oacute; thể sẵn s&agrave;ng đi chơi Tết m&agrave; chả cần động tới 1 t&iacute; s&aacute;p n&agrave;o.</p>\r\n<p><img class=\"img-fullwidth\" src=\"https://blog.30shine.com/wp-content/uploads/2018/11/uon-toc-1.jpg\" alt=\"\" width=\"800\" height=\"450\" /></p>\r\n<p>Ngo&agrave;i ra,&nbsp;Side Part uốn xoăn&nbsp;c&ograve;n l&agrave; kiểu t&oacute;c nam được rất nhiều chị em ph&aacute;i đẹp ưa th&iacute;ch. Bởi vẻ ngo&agrave;i l&atilde;ng tử, ph&oacute;ng kho&aacute;ng v&agrave; đậm chất H&agrave;n Quốc m&agrave; n&oacute; mang lại. Anh em đ&acirc;u cần phải l&agrave;m g&igrave; nhiều, chỉ cần sở hữu cho m&igrave;nh 1 kiểu t&oacute;c Side Part uốn xoăn bồng bềnh cũng đủ để chinh chiến mọi cuộc chơi.</p>\r\n<p>&nbsp;</p>');
INSERT INTO `articles` VALUES (2, 3, 'Nhuộm tóc màu khói chơi Tết, tại sao không?', 'Năm mới sắp đến, bạn đã có ý tưởng gì cho mái tóc của mình? Một gợi ý tuyệt vời cho các chàng chính là nhuộm tóc màu khói – đừng bỏ qua nhé!', 'images/article/2/explore.jpg', 'nhuom toc, mau nhuom dep', '<h2>Nhuộm t&oacute;c m&agrave;u kh&oacute;i chơi Tết, tại sao kh&ocirc;ng?</h2>\r\n<p>Năm 2018 sắp qua đi, đ&acirc;y l&agrave; l&uacute;c ch&uacute;ng ta n&ecirc;n g&aacute;c lại những bộn bề của năm cũ v&agrave; x&acirc;y dựng cho m&igrave;nh một tinh thần mới. H&atilde;y l&agrave;m mới m&igrave;nh bằng những thay đổi trước ti&ecirc;n về diện mạo, thời trang. Bởi tự tin hơn về ngoại h&igrave;nh của m&igrave;nh sẽ l&agrave; bước đệm để c&aacute;c ch&agrave;ng c&oacute; một năm mới th&agrave;nh c&ocirc;ng hơn. Đơn giản l&agrave; h&atilde;y thử bắt đầu với một kiểu t&oacute;c hay m&agrave;u t&oacute;c mới. V&agrave;&nbsp;nhuộm t&oacute;c m&agrave;u kh&oacute;i&nbsp;ch&iacute;nh l&agrave; một gợi &yacute; tuyệt vời cho ch&agrave;ng chơi Tết. Kh&ocirc;ng phải l&agrave; những m&agrave;u&nbsp;nhuộm t&oacute;c&nbsp;đơn thuần, m&aacute;i t&oacute;c nhuộm m&agrave;u kh&oacute;i mang lại cho ch&agrave;ng phong c&aacute;ch cool ngầu, chất chơi hơn bao giờ hết. Ch&uacute;ng rất ph&ugrave; hợp với kh&ocirc;ng kh&iacute; của những ng&agrave;y đầu ti&ecirc;n trong năm mới.</p>\r\n<h4>1. Đen kh&oacute;i</h4>\r\n<p>H&atilde;y bắt đầu bằng một thay đổi nho nhỏ với nhuộm t&oacute;c m&agrave;u đen kh&oacute;i.</p>\r\n<p><img class=\"img-middlesquare\" src=\"https://blog.30shine.com/wp-content/uploads/2018/12/Nhuom-toc-mau-khoi-choi-tet-tai-sao-khong-30Shine.jpg\" alt=\"\" width=\"800\" height=\"613\" /></p>\r\n<p style=\"text-align: center;\"><em>Nhuộm t&oacute;c m&agrave;u đen kh&oacute;i</em></p>\r\n<p>Vẫn l&agrave; m&agrave;u t&oacute;c đen &ldquo;nguy&ecirc;n thủy&rdquo; nhưng giờ đ&acirc;y đ&atilde; được h&ograve;a quyện th&ecirc;m một ch&uacute;t hiệu ứng &aacute;nh kh&oacute;i. Kh&ocirc;ng cần m&agrave;u m&egrave; sặc sỡ, đen kh&oacute;i vẫn thừa sức gi&uacute;p ch&agrave;ng tỏa s&aacute;ng. Đối với những người c&oacute; l&agrave;n da ngăm đen, m&agrave;u t&oacute;c đen kh&oacute;i sẽ l&agrave; sự thay thế ho&agrave;n hảo cho m&agrave;u hạt dẻ th&ocirc;ng thường.</p>\r\n<p>Đối với những ch&agrave;ng trai c&oacute; phụ huynh kh&oacute; t&iacute;nh m&agrave; vẫn muốn s&agrave;nh điệu chơi tết th&igrave; kh&ocirc;ng thể bỏ qua m&agrave;u t&oacute;c n&agrave;y. Bởi đen kh&oacute;i c&oacute; t&iacute;nh chất trầm, lạnh. Do đ&oacute;, n&oacute; sẽ kh&ocirc;ng phải l&agrave; kiểu t&oacute;c nổi bần bật, khiến cho người lớn kh&ocirc;ng h&agrave;i l&ograve;ng. Thậm ch&iacute; khi ngồi trong nh&agrave; tr&ocirc;ng bạn rất ngoan hiền. Nhưng khi bạn ra ngo&agrave;i v&agrave; &ldquo;l&ecirc;n đồ&rdquo; cực chất th&igrave; ngay lập tức n&oacute; sẽ hiện nguy&ecirc;n h&igrave;nh. N&oacute; sẽ biến th&agrave;nh kiểu t&oacute;c đầy s&agrave;nh điệu.</p>\r\n<h4>2. N&acirc;u kh&oacute;i</h4>\r\n<p>Nếu đen kh&oacute;i c&oacute; vẻ qu&aacute; an to&agrave;n th&igrave; c&aacute;c ch&agrave;ng c&oacute; thể chọn cho m&igrave;nh n&acirc;u kh&oacute;i. Đ&acirc;y l&agrave; một trong những xu hướng đ&atilde; &ldquo;c&agrave;n qu&eacute;t&rdquo; năm 2018 vừa qua v&agrave; được dự đo&aacute;n sẽ tiếp tục chiếm lĩnh l&agrave;ng thời trang t&oacute;c trong năm 2019 sắp tới.</p>\r\n<p><img class=\"img-fullwidth\" src=\"https://blog.30shine.com/wp-content/uploads/2018/12/Nhuom-toc-mau-khoi-choi-tet-tai-sao-khong-30Shine1.jpg\" alt=\"\" width=\"800\" height=\"450\" /></p>\r\n<p style=\"text-align: center;\"><em>N&acirc;u kh&oacute;i</em></p>\r\n<p>M&aacute;i t&oacute;c n&acirc;u kh&oacute;i kh&ocirc;ng qu&aacute; s&aacute;ng hoặc tối, mang lại sự mới lạ về m&agrave;u t&oacute;c. Đồng thời, n&oacute; tạo cho c&aacute;c ch&agrave;ng trai sự nổi bật v&agrave; l&atilde;ng mạn, dễ d&agrave;ng h&uacute;t hồn c&aacute;c c&ocirc; g&aacute;i.</p>\r\n<p>N&oacute; kh&ocirc;ng qu&aacute; nổi bật để khiến cho họ h&agrave;ng &ldquo;hốt hoảng&rdquo; khi gặp bạn trong dịp Tết. Nhưng n&oacute; cũng kh&ocirc;ng qu&aacute; trầm để bạn vẫn thể thoải m&aacute;i &ldquo;quẩy&rdquo; c&ugrave;ng bạn b&egrave;. Bắt trend đ&oacute;n năm mới ngay đi th&ocirc;i!</p>\r\n<p><strong>3. R&ecirc;u kh&oacute;i</strong></p>\r\n<p>S&aacute;ng hơn một ch&uacute;t l&agrave; r&ecirc;u kh&oacute;i. Mẫu&nbsp;nhuộm t&oacute;c m&agrave;u kh&oacute;i&nbsp;n&agrave;y l&agrave; sự pha trộn th&uacute; vị giữa m&agrave;u r&ecirc;u v&agrave; m&agrave;u kh&oacute;i tự nhi&ecirc;n.</p>\r\n<p><img class=\"img-fullwidth\" src=\"https://blog.30shine.com/wp-content/uploads/2018/12/Nhuom-toc-mau-khoi-choi-tet-tai-sao-khong-30Shine2.jpg\" alt=\"\" width=\"800\" height=\"533\" /></p>\r\n<p style=\"text-align: center;\"><em>R&ecirc;u kh&oacute;i</em></p>\r\n<p style=\"text-align: left;\">&nbsp;</p>\r\n<p>Nếu l&agrave;n da của bạn kh&ocirc;ng được trắng, h&atilde;y chọn m&agrave;u r&ecirc;u kh&oacute;i m&aacute;t mẻ.&nbsp;Những kiểu t&oacute;c &ldquo;ăn hợp&rdquo; với r&ecirc;u kh&oacute;i thường l&agrave; những kiểu&nbsp;t&oacute;c nam H&agrave;n Quốc&nbsp;như Layer, Comma Hair, t&oacute;c m&aacute;i d&agrave;i, t&oacute;c bổ luống.</p>\r\n<p>Kiểu t&oacute;c n&agrave;y đem đến cho bạn sự ph&aacute; c&aacute;ch v&agrave; s&agrave;nh điệu. N&oacute; ph&ugrave; hợp với những ch&agrave;ng trai ph&aacute; c&aacute;ch. Chắc chắn Tết n&agrave;y bạn sẽ chất lắm đấy!</p>\r\n<h4>4. X&aacute;m kh&oacute;i</h4>\r\n<p>Bạn c&oacute; thể &ldquo;nổi bần bật&rdquo; hơn nữa với nhuộm t&oacute;c m&agrave;u x&aacute;m kh&oacute;i.</p>\r\n<p><img class=\"img-fullwidth\" src=\"https://blog.30shine.com/wp-content/uploads/2018/12/Nhuom-toc-mau-khoi-choi-tet-tai-sao-khong-30Shine3.jpg\" alt=\"\" width=\"700\" height=\"407\" /></p>\r\n<p>Với m&agrave;u sắc n&agrave;y, c&aacute;c ch&agrave;ng ho&agrave;n to&agrave;n &ldquo;lột x&aacute;c&rdquo; ngoại h&igrave;nh của m&igrave;nh. Kh&ocirc;ng &ldquo;ngoan ngo&atilde;n&rdquo; như n&acirc;u hay đen, x&aacute;m kh&oacute;i &ldquo;chất chơi&rdquo; hơn bao giờ hết. N&oacute; kh&ocirc;ng hề khiến bạn gi&agrave; đi m&agrave; ngược lại gi&uacute;p những m&aacute;i t&oacute;c nam H&agrave;n Quốc tr&ocirc;ng c&agrave;ng c&aacute; t&iacute;nh v&agrave; nổi loạn. Nếu bạn đang t&igrave;m kiếm một điều g&igrave; đ&oacute; thật mới lạ cho m&aacute;i t&oacute;c của m&igrave;nh, đ&acirc;y sẽ l&agrave; một gợi &yacute; tuyệt vời.</p>\r\n<p>Nhuộm t&oacute;c m&agrave;u kh&oacute;i&nbsp;l&agrave; một phong c&aacute;ch kh&aacute; cool ngầu v&agrave; v&ocirc; c&ugrave;ng nổi bật. Ch&uacute;ng rất ph&ugrave; hợp cho những ng&agrave;y vui chơi đ&oacute;n ch&agrave;o năm mới. Tuy nhi&ecirc;n kỹ thuật nhuộm của ch&uacute;ng đ&ograve;i hỏi tay nghề với độ ch&iacute;nh x&aacute;c cao. V&agrave; Gent ch&iacute;nh l&agrave; địa chỉ đ&aacute;ng tin cậy để &ldquo;h&ocirc; biến&rdquo; m&aacute;i t&oacute;c của bạn trở n&ecirc;n đa sắc m&agrave;u. Năm mới sắp đến, nhanh tay đặt lịch cắt t&oacute;c để được sở hữu những kiểu t&oacute;c nam đẹp nhất nh&eacute;!</p>');
INSERT INTO `articles` VALUES (3, 2, 'Tác dụng tuyệt vời của cỏ cà ri giúp bạn sở hữu mái tóc nam đẹp hoàn hảo', 'Vốn là một loại gia vị được sử dụng phổ biến ở châu Á nhưng tác dụng của cà ri trong việc chăm sóc, tạo nên một mái tóc nam đẹp thì lại ít ai biết đến.', 'images/article/3/explore.jpg', 'co ca ri', '<h2>T&aacute;c dụng tuyệt vời của cỏ c&agrave; ri gi&uacute;p bạn sở hữu m&aacute;i t&oacute;c nam đẹp ho&agrave;n hảo</h2>\r\n<h4>Cỏ c&agrave; ri l&agrave; g&igrave;?</h4>\r\n<p><img class=\"img-fullwidth\" src=\"https://blog.30shine.com/wp-content/uploads/2018/11/cham-soc-toc-nam-dep-tu-hat-co-ca-ri-1.jpg\" alt=\"\" width=\"700\" height=\"465\" /></p>\r\n<p>Cỏ c&agrave; ri xuất ph&aacute;t từ loại c&acirc;y quen thuộc thường được d&ugrave;ng l&agrave;m gia vị. C&agrave; ri được sử dụng rất phổ biến ở ch&acirc;u &Aacute; nhưng thường chỉ biết đến như một loại gia vị nấu ăn.</p>\r\n<p>Trong cỏ c&agrave; ri c&oacute; chứa rất nhiều dưỡng chất c&oacute; lợi cho t&oacute;c v&agrave; cơ thể. Th&agrave;nh phần dinh dưỡng gồm kali, canxi, chất xơ v&agrave; vitamin h&agrave;m lượng cao. Nhờ vậy,&nbsp; cỏ c&agrave; ri gi&uacute;p t&oacute;c được nu&ocirc;i dưỡng tốt hơn. Đồng thời, việc d&ugrave;ng loại gia vị n&agrave;y c&ograve;n đem lại t&aacute;c dụng r&otilde; rệt trong việc phục hồi,&nbsp;cải thiện t&oacute;c.&nbsp;Một m&aacute;i t&oacute;c nam đẹp bao giờ cũng phải bắt đầu từ một m&aacute;i t&oacute;c khỏe, d&agrave;y mượt.</p>\r\n<h4>Ngăn rụng v&agrave; k&iacute;ch th&iacute;ch mọc t&oacute;c</h4>\r\n<p><img class=\"img-fullwidth\" src=\"https://blog.30shine.com/wp-content/uploads/2018/11/cham-soc-toc-nam-dep-tu-hat-co-ca-ri-3.jpg\" alt=\"\" width=\"700\" height=\"700\" /></p>\r\n<p>Th&agrave;nh phần kali v&agrave; canxi c&oacute; trong cỏ c&agrave; ri cực tốt trong giảm thiểu t&oacute;c rụng. Sử dụng cỏ c&agrave; ri như một loại mặt nạ tự nhi&ecirc;n sẽ gi&uacute;p bổ sung dưỡng chất. Một m&aacute;i t&oacute;c chắc khỏe sẽ gi&uacute;p bạn tự do tạo kiểu m&aacute;i t&oacute;c nam đẹp.</p>\r\n<p>Ng&acirc;m hạt cỏ với nước trong v&agrave;i giờ, hoặc sử dụng c&ugrave;ng nước chanh ủ tr&ecirc;n t&oacute;c. Chỉ v&agrave;i chục ph&uacute;t ủ v&agrave; rửa sach lại với nước, t&oacute;c bạn đ&atilde; được bảo vệ, kh&ocirc;ng lo t&oacute;c rụng. Để k&iacute;ch th&iacute;ch mọc t&oacute;c, bạn c&oacute; thể đun hỗn hợp hạt c&agrave; ri với dầu dừa. Sử dụng hỗn hợp n&agrave;y như một loại dầu xả tự nhi&ecirc;n, gội đầu b&igrave;nh thường. Sau v&agrave;i tuần, bạn đ&atilde; c&oacute; thể thấy r&otilde; sự kh&aacute;c biệt.</p>\r\n<h4>Phục hồi, chăm s&oacute;c t&oacute;c hư tổn v&agrave; kh&ocirc; xơ</h4>\r\n<p>Việc tạo kiểu, sấy nhuộm qu&aacute; nhiều dễ khiến t&oacute;c bị hư tổn, kh&ocirc; xơ. T&oacute;c hư tổn l&agrave; nguy&ecirc;n nh&acirc;n trực tiếp khiến nam giới kh&oacute; kiểu một m&aacute;i t&oacute;c nam đẹp. Th&agrave;nh phần chủ yếu của hạt cỏ c&agrave; ri phải kể đến lượng protein v&agrave; canxi rất lớn. Bổ sung protein từ hạt cỏ c&agrave; ri sẽ gi&uacute;p nhanh ch&oacute;ng phục hồi m&aacute;i t&oacute;c, cho bạn tự do tạo kiểu.</p>\r\n<p><img class=\"img-fullwidth\" src=\"https://blog.30shine.com/wp-content/uploads/2018/11/cham-soc-toc-nam-dep-tu-hat-co-ca-ri-2.jpg\" alt=\"\" width=\"700\" height=\"316\" /></p>\r\n<p style=\"text-align: center;\"><em>H&ocirc;n hợp hạt cỏ c&agrave; ri v&agrave; dầu dừa gi&uacute;p phục hồi t&oacute;c nhanh ch&oacute;ng</em></p>\r\n<p style=\"text-align: left;\">C&aacute;c qu&yacute; &ocirc;ng kh&ocirc;ng ngại tốn qu&aacute; nhiều thời gian để l&agrave;m mặt nạ hạt cỏ c&agrave; ri. Trộn hạt cỏ c&agrave; ri xay nhuyễn với một lớp mật ong, dầu &ocirc;liu l&agrave; bạn đ&atilde; c&oacute; hỗn hợp dưỡng t&oacute;c &ldquo;thần th&aacute;nh&rdquo;. Ủ t&oacute;c trong khoảng 45 ph&uacute;t rồi gội nhẹ nh&agrave;ng l&agrave; m&aacute;i t&oacute;c của bạn đ&atilde; được chăm t&oacute;c tận s&acirc;u rồi. Chỉ với 2-3 tuần &aacute;p dụng, bạn sẽ nhận thấy sự mềm mượt, b&oacute;ng khỏe tr&ocirc;ng thấy của m&aacute;i t&oacute;c.</p>\r\n<h4 style=\"text-align: left;\">Hạn chế dầu thừa</h4>\r\n<p><img class=\"img-fullwidth\" src=\"https://blog.30shine.com/wp-content/uploads/2018/11/cham-soc-toc-nam-dep-tu-hat-co-ca-ri.jpg\" alt=\"\" width=\"700\" height=\"515\" /></p>\r\n<p style=\"text-align: center;\"><em>Ng&acirc;m hạt 1 đ&ecirc;m c&ugrave;ng giấm t&aacute;o gi&uacute;p t&oacute;c hạn chế dầu thừa</em></p>\r\n<p style=\"text-align: left;\">&nbsp;</p>\r\n<p>Để hạn chế t&igrave;nh trạng n&agrave;y, bạn c&oacute; thể tự tạo một hỗn hợp từ giấm t&aacute;o v&agrave; hạt cỏ c&agrave; ri. Ng&acirc;m một đ&ecirc;m l&agrave; s&aacute;ng bạn đ&atilde; c&oacute; một loại dưỡng t&oacute;c cực đỉnh. B&ocirc;i đều hỗn hợp l&ecirc;n s&aacute;t da đầu v&agrave; ch&acirc;n t&oacute;c, ủ trong nửa giờ. Gội nhẹ lại với nước l&agrave; cả ng&agrave;y t&oacute;c bạn đ&atilde; lu&ocirc;n sạch sẽ, mềm mại rồi.</p>\r\n<p>C&oacute; v&ocirc; số c&aacute;ch d&ugrave;ng với cỏ c&agrave; ri đều đem lại hiệu quả rất tốt cho sức khỏe v&agrave; đặc biệt l&agrave; m&aacute;i t&oacute;c. Một m&aacute;i t&oacute;c nam đẹp l&agrave; kh&ocirc;ng g&igrave; kh&oacute; khăn với mọi nam giới khi &aacute;p dụng đ&uacute;ng phương ph&aacute;p mỗi ng&agrave;y.</p>\r\n<p>Nguồn:&nbsp;Hairstylecamp</p>');
INSERT INTO `articles` VALUES (4, 1, 'Vòng quanh thế giới học cách chăm sóc tóc để luôn sở hữu các kiểu tóc đẹp', 'Mỗi quốc gia trên thế giới lại có một đặc điểm địa lý, khí hậu, văn hóa riêng. Vì vậy, cách mỗi nước sử dụng các nguyên liệu tự nhiên để tạo nên các kiểu tóc đẹp lại khác nhau. Cùng dạo quanh thế giới một vòng để học cách chăm sóc tóc một cách hữu hiệu nhất.', 'images/article/4/explore.jpg', 'article 4 , articles', '<h2>V&ograve;ng quanh thế giới học c&aacute;ch chăm s&oacute;c t&oacute;c để lu&ocirc;n sở hữu c&aacute;c kiểu t&oacute;c đẹp</h2>\r\n<h4>Người Ấn Độ sử dụng dầu dừa</h4>\r\n<p><img class=\"img-fullwidth\" src=\"https://blog.30shine.com/wp-content/uploads/2018/11/cac-kieu-toc-dep-1.jpg\" alt=\"\" width=\"700\" height=\"467\" /></p>\r\n<p style=\"text-align: center;\"><em>Người Ấn Độ sử dụng dầu dừa để chăm s&oacute;c t&oacute;c</em></p>\r\n<p>Phụ nữ Ấn Độ nổi tiếng thế giới với m&aacute;i t&oacute;c d&agrave;i v&agrave; đen tuyền mượt m&agrave;. Một trong những b&iacute; quyết của họ ch&iacute;nh l&agrave; dầu dừa. Đ&acirc;y l&agrave; một loại nguy&ecirc;n liệu tự nhi&ecirc;n rất phổ biến trong l&agrave;m đẹp. Thay v&igrave; dầu gội, người Ấn Độ d&ugrave;ng dầu dừa để l&agrave;m sạch v&agrave; xả t&oacute;c. Dầu dừa gi&agrave;u&nbsp;vitamin E,&nbsp;gi&uacute;p t&oacute;c lu&ocirc;n b&oacute;ng đẹp v&agrave; chắc khỏe.&nbsp;C&aacute;c kiểu t&oacute;c đẹp&nbsp;như trong phim Bollywood l&agrave; kết quả của th&oacute;i quen sử dụng dầu dừa hằng ng&agrave;y của người Ấn Độ.</p>\r\n<h4>Tr&aacute;i &ocirc; liu v&agrave; sữa chua l&agrave; sự lựa chọn của đ&agrave;n &ocirc;ng &Yacute;</h4>\r\n<p><img class=\"img-fullwidth\" src=\"https://blog.30shine.com/wp-content/uploads/2018/11/cac-kieu-toc-dep-2.jpg\" alt=\"\" width=\"700\" height=\"467\" /></p>\r\n<p style=\"text-align: center;\"><em>Tr&aacute;i &ocirc; liu v&agrave; sữa chua l&agrave; sự lựa chọn của đ&agrave;n &ocirc;ng &Yacute;</em></p>\r\n<p>&nbsp;</p>\r\n<p>Đ&acirc;y l&agrave; hai loại thực phẩm g&oacute;p phần l&agrave;m n&ecirc;n c&aacute;c kiểu t&oacute;c đẹp bồng bềnh từ nước &Yacute;. Sữa chua gi&agrave;u kho&aacute;ng chất v&agrave; vitamin, gi&uacute;p nu&ocirc;i dưỡng t&oacute;c từ gốc đến tận ngọn. Quả &ocirc; liu c&oacute; t&aacute;c dụng thần kỳ trong phục hồi m&aacute;i t&oacute;c bị hư tổn, kh&ocirc; xơ. Người &Yacute; thường nghiền n&aacute;t quả &ocirc; liu trộn với sữa chua để ủ t&oacute;c 1 lần 1 tuần. Điều n&agrave;y gi&uacute;p cho m&aacute;i t&oacute;c họ lu&ocirc;n mượt m&agrave; v&agrave; khỏe mạnh.</p>\r\n<h4>Tr&aacute;i bơ &ndash; thần dược dưỡng t&oacute;c ở Colombia</h4>\r\n<p>B&iacute; quyết sau m&aacute;i t&oacute;c b&oacute;ng d&agrave;y của người Colombia kh&ocirc;ng g&igrave; kh&aacute;c ch&iacute;nh l&agrave; tr&aacute;i bơ. Bơ l&agrave; loại tr&aacute;i c&acirc;y chứa nhiều axit b&eacute;o tự nhi&ecirc;n v&agrave; chất chống &ocirc; xi h&oacute;a. Họ thường dụng bơ xay nhuyễn trộn với l&ograve;ng đỏ trứng g&agrave; để ủ t&oacute;c. C&aacute;ch n&agrave;y gi&uacute;p t&oacute;c đủ độ ẩm, mềm mại v&agrave; dễ tạo c&aacute;c kiểu t&oacute;c đẹp.</p>\r\n<p><strong>Người Th&aacute;i Lan chăm s&oacute;c t&oacute;c bằng nước cốt dừa</strong></p>\r\n<p><strong><img class=\"img-fullwidth\" src=\"https://blog.30shine.com/wp-content/uploads/2018/11/cac-kieu-toc-dep-3.jpg\" alt=\"\" width=\"700\" height=\"327\" /></strong></p>\r\n<p style=\"text-align: center;\"><em>Nước cốt dừa gi&agrave;u vitamin E l&agrave; b&iacute; quyết gi&uacute;p m&aacute;i t&oacute;c lu&ocirc;n b&oacute;ng mượt</em></p>\r\n<p style=\"text-align: left;\">&nbsp;</p>\r\n<p>Th&aacute;i Lan l&agrave; một đất nước c&oacute; đời sống văn h&oacute;a gắn liền với tr&aacute;i dừa. V&igrave; vậy, họ đ&atilde; sớm kh&aacute;m ph&aacute; ra c&ocirc;ng dụng tuyệt vời của loại quả n&agrave;y trong việc chăm s&oacute;c t&oacute;c. B&iacute; mật đằng sau c&aacute;c kiểu t&oacute;c đẹp của người Th&aacute;i ch&iacute;nh l&agrave; nguy&ecirc;n liệu bất ngờ &ndash; nước cốt dừa. Ch&uacute;ng v&ocirc; c&ugrave;ng gi&agrave;u vitamin E, gi&uacute;p t&oacute;c chắc khỏe từ b&ecirc;n trong. Dưới &aacute;nh nắng gay gắt&nbsp; v&ugrave;ng nhiệt đới, nước cốt dừa gi&uacute;p cung cấp độ ẩm tự nhi&ecirc;n cho t&oacute;c.</p>\r\n<p>Những nguy&ecirc;n liệu tự nhi&ecirc;n l&agrave; người bạn đồng h&agrave;nh tuyệt vời nhất của c&aacute;c kiểu t&oacute;c đẹp. H&atilde;y thử những phương ph&aacute;p tr&ecirc;n v&agrave; cảm nhận sự thay đổi đ&aacute;ng ngạc nhi&ecirc;n của m&aacute;i t&oacute;c nh&eacute;!</p>');

-- ----------------------------
-- Table structure for branches
-- ----------------------------
DROP TABLE IF EXISTS `branches`;
CREATE TABLE `branches`  (
  `branch_id` int(11) NOT NULL AUTO_INCREMENT,
  `branch_address` text CHARACTER SET utf8 COLLATE utf8_general_ci NOT NULL,
  `branch_phonenumber` text CHARACTER SET utf8 COLLATE utf8_general_ci NOT NULL,
  PRIMARY KEY (`branch_id`) USING BTREE
) ENGINE = InnoDB AUTO_INCREMENT = 3 CHARACTER SET = utf8 COLLATE = utf8_general_ci ROW_FORMAT = Dynamic;

-- ----------------------------
-- Records of branches
-- ----------------------------
INSERT INTO `branches` VALUES (1, '123 Trần Hưng Đạo, Phường Phạm Ngũ Lão, Quận 1, Hồ Chí Minh', '0909090909');
INSERT INTO `branches` VALUES (2, '321 Hồng Bàng, Phường 11, Quận 5, Hồ Chí Minh', '0606060606');

-- ----------------------------
-- Table structure for categories
-- ----------------------------
DROP TABLE IF EXISTS `categories`;
CREATE TABLE `categories`  (
  `category_id` int(11) NOT NULL AUTO_INCREMENT,
  `category_name` varchar(30) CHARACTER SET utf8 COLLATE utf8_general_ci NOT NULL,
  PRIMARY KEY (`category_id`) USING BTREE
) ENGINE = InnoDB AUTO_INCREMENT = 5 CHARACTER SET = utf8 COLLATE = utf8_general_ci ROW_FORMAT = Dynamic;

-- ----------------------------
-- Records of categories
-- ----------------------------
INSERT INTO `categories` VALUES (1, 'Chăm sóc tóc');
INSERT INTO `categories` VALUES (2, 'Phục hồi tóc');
INSERT INTO `categories` VALUES (3, 'Kiểu tóc');

-- ----------------------------
-- Table structure for customers
-- ----------------------------
DROP TABLE IF EXISTS `customers`;
CREATE TABLE `customers`  (
  `customer_id` varchar(12) CHARACTER SET utf8 COLLATE utf8_general_ci NOT NULL,
  `customer_password` varchar(12) CHARACTER SET utf8 COLLATE utf8_general_ci NOT NULL DEFAULT '123',
  `customer_name` varchar(30) CHARACTER SET utf8 COLLATE utf8_general_ci NOT NULL DEFAULT 'Customer',
  `customer_status` int(11) NOT NULL DEFAULT 0,
  PRIMARY KEY (`customer_id`) USING BTREE
) ENGINE = InnoDB CHARACTER SET = utf8 COLLATE = utf8_general_ci ROW_FORMAT = Dynamic;

-- ----------------------------
-- Records of customers
-- ----------------------------
INSERT INTO `customers` VALUES ('0906070937', '0906070937', 'Thông', 1);

-- ----------------------------
-- Table structure for log_users
-- ----------------------------
DROP TABLE IF EXISTS `log_users`;
CREATE TABLE `log_users`  (
  `id` int(11) NOT NULL AUTO_INCREMENT,
  `user_id` int(11) NULL DEFAULT NULL,
  `password` varchar(255) CHARACTER SET utf8 COLLATE utf8_general_ci NOT NULL,
  `last_edit` datetime(0) NULL DEFAULT NULL,
  `created` datetime(0) NULL DEFAULT NULL,
  `modified` datetime(0) NULL DEFAULT NULL,
  PRIMARY KEY (`id`) USING BTREE
) ENGINE = InnoDB AUTO_INCREMENT = 5 CHARACTER SET = utf8 COLLATE = utf8_general_ci ROW_FORMAT = Dynamic;

-- ----------------------------
-- Records of log_users
-- ----------------------------
INSERT INTO `log_users` VALUES (3, 1, '$2y$10$PsSZVevgmacQ7mcAGLvdXu6X43iqHMZ/Rt0jyEOpXaXLhfBJTcpTy', '2018-01-24 15:14:44', NULL, '2017-09-20 15:01:01');
INSERT INTO `log_users` VALUES (4, 1, '$2y$10$eql/gxt8flfcWbGbCKyDBeZ4SAzsgrN1ZjGocJlQX12V.WRJkPJL2', '2018-12-03 20:20:33', NULL, '2018-01-24 15:14:44');

-- ----------------------------
-- Table structure for products
-- ----------------------------
DROP TABLE IF EXISTS `products`;
CREATE TABLE `products`  (
  `product_id` int(11) NOT NULL AUTO_INCREMENT,
  `product_category_id` int(11) NOT NULL,
  `product_title` text CHARACTER SET utf8 COLLATE utf8_general_ci NOT NULL,
  `product_description` text CHARACTER SET utf8 COLLATE utf8_general_ci NULL,
  `product_image` text CHARACTER SET utf8 COLLATE utf8_general_ci NULL,
  `product_keyword` text CHARACTER SET utf8 COLLATE utf8_general_ci NOT NULL,
  `product_content` text CHARACTER SET utf8 COLLATE utf8_general_ci NULL,
  PRIMARY KEY (`product_id`) USING BTREE,
  INDEX `fk_product_category_id`(`product_category_id`) USING BTREE
) ENGINE = InnoDB AUTO_INCREMENT = 39 CHARACTER SET = utf8 COLLATE = utf8_general_ci ROW_FORMAT = Dynamic;

-- ----------------------------
-- Records of products
-- ----------------------------
INSERT INTO `products` VALUES (1, 1, 'Dầu gội X-Men FOR BOSS', 'Dầu gội hương nước hoa mạnh mẽ', 'images/product/1/product-img.png', 'xmen', '<h4>Dầu gội nước hoa X-Men for Boss</h4>\r\n<p>Với c&ocirc;ng thức chuy&ecirc;n biệt d&agrave;nh cho nam giới Dầu gội nước hoa X-Men for Boss Intense 380g gi&uacute;p gội sạch dầu nhờn v&agrave; bụi bẩn tr&ecirc;n da đầu. Kết hợp th&agrave;nh phần cao cấp gỗ Đ&agrave;n Hường v&agrave; Hổ Ph&aacute;ch tạo n&ecirc;n hương nước hoa trầm đầy nội lực d&agrave;nh cho người đ&agrave;n &ocirc;ng th&agrave;nh c&ocirc;ng.</p>\r\n<p>Tạo n&ecirc;n nốt hương trầm đầy nội lực.</p>\r\n<p>L&agrave;m sạch, nu&ocirc;i dưỡng t&oacute;c v&agrave; da đầu.</p>\r\n<p>Th&agrave;nh phần gỗ Đ&agrave;n Hương v&agrave; Hổ Ph&aacute;ch.</p>\r\n<p>Chai nhỏ tiết kiệm diện t&iacute;ch, thuận tiện khi đem theo c&ocirc;ng t&aacute;c/du lịch.</p>\r\n<p>N&ecirc;n d&ugrave;ng trọn bộ sản phẩm để to&agrave;n bộ cơ thể c&oacute; c&ugrave;ng hương thơm lịch l&atilde;m.</p>');
INSERT INTO `products` VALUES (18, 1, 'Dầu Gội Cao Cấp Cho Nam Romano VIP', 'Dầu Gội Cao Cấp Cho Nam Romano VIP', 'images/product/18/product-img.png', 'romano', '<h4>Dầu Gội Cao Cấp Cho Nam Romano VIP</h4>\r\n<p>C&oacute; c&ocirc;ng thức d&agrave;nh ri&ecirc;ng cho người đ&agrave;n &ocirc;ng c&aacute; t&iacute;nh gi&uacute;p m&aacute;i t&oacute;c bạn sẽ trở n&ecirc;n mượt m&agrave;, dễ d&agrave;ng v&agrave;o nếp v&agrave; kh&ocirc;ng c&ograve;n dấu hiệu của g&agrave;u, đem lại cảm gi&aacute;c sảng kho&aacute;i c&ugrave;ng m&ugrave;i hương nam t&iacute;nh lưu lại tr&ecirc;n t&oacute;c sau khi sử dụng.</p>\r\n<p>Romano VIP l&agrave; sự kết hợp tinh tế giữa phong c&aacute;ch lịch l&atilde;m c&ugrave;ng chất trẻ trung hiện đại với hương nước hoa nam t&iacute;nh, mạnh mẽ cho ph&aacute;i mạnh.</p>');
INSERT INTO `products` VALUES (19, 1, 'Dầu gội nước hoa X-Men Metal', 'Hương Citrus tươi mát cùng công thức 3Dmatrix giúp cắt sạch gàu', 'images/product/19/product-img.png\r\n', 'xmen', '<h4>Dầu gội nước hoa X-Men Metal</h4>\r\n<p>Hương Citrus tươi m&aacute;t c&ugrave;ng c&ocirc;ng thức 3D matrix gi&uacute;p cắt sạch g&agrave;u, X-men Kim Sạch g&agrave;u lịch l&atilde;m cho m&aacute;i t&oacute;c vẻ lịch l&atilde;m đầy uy lực, để bạn c&oacute; niềm tin th&eacute;p xuy&ecirc;n ph&aacute; mọi r&agrave;o cản.</p>\r\n<p>C&aacute;ch d&ugrave;ng: Thoa đều dầu gội l&ecirc;n t&oacute;c ướt. Xoa nhẹ nh&agrave;ng rồi xả sạch với nước.</p>\r\n<p>Th&agrave;nh phần: Water, Sodium Laureth Sulfate, Dimethiconol, Dimethicane, Cocamidopropyl Betaine, Perfume, Zinc Pyrithione, Carbomer, Menthol, Sodium PCA, Sodium Hydroxide, Guar Hydraxypropyttrinonium Chloride, Citric Acid, TEA-Dodecylbenzenesulfonate, Polyquaternium-10, Castoryl Maleate, C12-15 Pareth-3, Tocopheryl Acetate, Betaine, Sorbitol, Serine, Glycine, Glutamic Acid, Alanine, Lysine, Arginine, Threonine, Proline, Sodium Cumenesulfonate, Sodium Chloride, Methylchloroisothiazolinone, Methylisothiazolone, CI 42090.</p>');
INSERT INTO `products` VALUES (20, 1, 'Dầu Gội Bùn Khoáng Sạch Gàu Mát Lạnh Nivea Men Ice Mud Anti Dandruf Shampoo', 'Hương bạc hà tươi mát, tạo cảm giác thư giãn, sảng khoái', 'images/product/20/product-img.png', 'nivea', '<h4>Dầu Gội B&ugrave;n Kho&aacute;ng Sạch G&agrave;u M&aacute;t Lạnh Nivea Men Ice Mud Anti Dandruf Shampoo</h4>\r\n<p>C&ocirc;ng thức chứa kho&aacute;ng chất từ b&ugrave;n m&aacute;t lạnh, cho khả năng l&agrave;m sạch mạnh mẽ, xo&aacute;y bay bụi bẩn tr&ecirc;n da đầu. Sản phẩm c&oacute; hương bạc h&agrave; tươi m&aacute;t, tạo cảm gi&aacute;c thư gi&atilde;n, sảng kho&aacute;i khi sử dụng. Ngo&agrave;i ra, c&ograve;n mang đến cho nam giới một trải nghiệm ho&agrave;n to&agrave;n kh&aacute;c.</p>\r\n<p>Dầu gội đầu với c&ocirc;ng thức b&ugrave;n kho&aacute;ng chứa ph&acirc;n tử si&ecirc;u nhỏ hoạt động như c&aacute;c thỏi nam ch&acirc;m gi&uacute;p xo&aacute;y bay bụi bẩn, xoa dịu v&agrave; nu&ocirc;i dưỡng da đầu, ngăn nhờn ngứa cả ng&agrave;y. Loại sạch vảy g&agrave;u từ gốc, nu&ocirc;i dưỡng da đầu v&agrave; ngăn ngừa g&agrave;u quay trở lại. Tạo cảm gi&aacute;c m&aacute;t lạnh với m&ugrave;i hương bạc h&agrave; sản kho&aacute;i.</p>');
INSERT INTO `products` VALUES (21, 1, 'Dầu Gội Nam Kerasys Homme Deep Cleansing Cool Shampoo ', 'Thành phần 100% thiên nhiên với tinh chất bạc hà', 'images/product/21/product-img.png\r\n', 'kerasys', '<h4>Dầu Gội Nam Kerasys Homme Deep Cleansing Cool Shampoo</h4>\r\n<p>C&oacute; th&agrave;nh phần 100% thi&ecirc;n nhi&ecirc;n với tinh chất bạc h&agrave;, được kiểm nghiệm theo ti&ecirc;u chuẩn của Climbasol v&agrave; Sodiumsalicylate, kh&ocirc;ng chứa h&oacute;a chất độc hại cho sức khỏe. Sản phẩm gi&uacute;p gội sạch ho&agrave;n to&agrave;n nhưng kh&ocirc;ng hề g&acirc;y ngứa hay k&iacute;ch ứng da đầu. Tinh chất bạc h&agrave; m&aacute;t lạnh mang lại cho bạn cảm gi&aacute;c thư th&aacute;i, dịu m&aacute;t cho ng&agrave;y h&egrave; năng động.</p>\r\n<p>Th&ocirc;ng qua những hạt si&ecirc;u vi thẩm thấu mạnh mẽ v&agrave;o từng sợi t&oacute;c gi&uacute;p loại bỏ ngay những bụi bẩn, c&aacute;c chất nhờn, mồ h&ocirc;i đầu, mảng b&aacute;m g&agrave;u. M&aacute;i t&oacute;c của bạn sẽ trở n&ecirc;n &oacute;ng mượt, giữ nếp cả ng&agrave;y d&agrave;i khi sử dụng với keo tạo kiểu.</p>');
INSERT INTO `products` VALUES (22, 1, 'Dầu Gội Ngăn Lão Hóa Tóc Oxy Prime RMV-O-Pr-Sh', 'Chiết xuất từ thảo mộc thiên nhiên, không chứa Silicone, Sulfate', 'images/product/22/product-img.png\r\n', 'Oxy', '<h4>Dầu Gội Ngăn L&atilde;o H&oacute;a T&oacute;c Oxy Prime RMV-O-Pr-Sh</h4>\r\n<p>C&oacute; chiết xuất từ thảo mộc thi&ecirc;n nhi&ecirc;n, kh&ocirc;ng chứa Silicone, Sulfate &ndash; t&aacute;c nh&acirc;n g&acirc;y rụng t&oacute;c.</p>\r\n<p>Kết hợp với c&aacute;c dưỡng chất gi&uacute;p t&oacute;c ph&aacute;t triển chắc khỏe gi&uacute;p ngăn l&otilde;a h&oacute;a t&oacute;c v&agrave; gi&uacute;p t&oacute;c giảm g&atilde;y rụng, ph&aacute;t triển nhanh, chắc khỏe v&agrave; s&aacute;ng b&oacute;ng.</p>\r\n<p>Sản phẩm sử dụng chai v&ograve;i tiện dụng, gi&uacute;p bạn dễ d&agrave;ng lấy ra lượng dầu gội th&iacute;ch hợp để sử dụng.</p>\r\n<p>Dầu Gội Ngăn L&atilde;o H&oacute;a T&oacute;c Oxy Prime RMV-O-Pr-Sh đến từ thương hiệu nổi tiếng, uy t&iacute;n từ Nhật Bản</p>');
INSERT INTO `products` VALUES (23, 1, 'Dầu Gội Romano Deluxe Classic', 'Ứng dụng công thức cải tiến chứa Pro-Vitamin B5 cho mái tóc mềm mại, chắc khỏe.', 'images/product/23/product-img.png', 'romano', '<h4>Dầu Gội Romano Deluxe Classic</h4>\r\n<p>D&agrave;nh cho ph&aacute;i mạnh ứng dụng c&ocirc;ng thức cải tiến chứa Pro-Vitamin B5 cho m&aacute;i t&oacute;c mềm mại, chắc khỏe.</p>\r\n<p>Ngo&agrave;i ra, hương thơm độc đ&aacute;o, nam t&iacute;nh từ Romano sẽ mang đến cho bạn một phong c&aacute;ch lịch l&atilde;m v&agrave; quyến rũ.</p>\r\n<p>Dầu gội với c&ocirc;ng thức cải tiến gi&uacute;p l&agrave;m sạch da đầu hiệu quả v&agrave; v&agrave; mang đến cho bạn một m&aacute;i t&oacute;c mềm mượt v&agrave; khỏe mạnh cả ng&agrave;y d&agrave;i với th&agrave;nh phần Pro Vitamin B5.</p>\r\n<p>Romano c&oacute; hương thơm sảng kho&aacute;i, m&aacute;t lạnh v&agrave; nam t&iacute;nh sẽ cho bạn phong c&aacute;ch trẻ trung, năng động v&agrave; quyến rũ.</p>\r\n<p>Sản phẩm d&agrave;nh cho mọi loại t&oacute;c.</p>');
INSERT INTO `products` VALUES (24, 2, 'Dầu Gội Trà Xanh Phục Hồi Và Ngăn Rụng Tóc Follow Me Hair Rivitalizer', 'Giữ ẩm cho tóc, bổ sung dưỡng chất và phục hồi mái tóc khô, hư tổn', 'images/product/24/product-img.png', 'rivitalizer', '<h4>Dầu Gội Tr&agrave; Xanh Phục Hồi V&agrave; Ngăn Rụng T&oacute;c Follow Me Hair Rivitalizer</h4>\r\n<p>Chiết xuất từ tr&agrave; xanh, chiết xuất mầm l&uacute;a m&igrave;, hạt nho cung cấp v&agrave; giữ ẩm cho t&oacute;c, bổ sung dưỡng chất v&agrave; phục hồi m&aacute;i t&oacute;c kh&ocirc;, hư tổn do t&aacute;c nh&acirc;n sấy, duỗi, uốn, nhuộm.</p>\r\n<p>Đặc biệt, sản phẩm nhẹ nh&agrave;ng gội sạch chất nhờn, bụi bẩn đồng thời để c&aacute;c dưỡng chất dễ d&agrave;ng thấm s&acirc;u v&agrave;o t&oacute;c, nu&ocirc;i dưỡng v&agrave; bảo vệ t&oacute;c tr&aacute;nh g&atilde;y rụng.</p>\r\n<p>B&ecirc;n cạnh đ&oacute;, dầu gội mang m&ugrave;i hương m&aacute;t dịu của l&aacute; tr&agrave; xanh mang đến cho bạn cảm gi&aacute;c sảng kho&aacute;i cũng như tự tin tỏa hương thơm quyến rũ, dễ chịu tr&ecirc;n suối t&oacute;c &oacute;ng mượt.</p>\r\n<p>Sản phẩm được l&agrave;m từ những th&agrave;nh phần chiết xuất từ thi&ecirc;n nhi&ecirc;n kết hợp quy tr&igrave;nh kiểm tra nghi&ecirc;m ngặt kh&ocirc;ng g&acirc;y k&iacute;ch ứng da an to&agrave;n với người sử dụng.</p>\r\n<p>Thiết kế dạng chai c&oacute; v&ograve;i tiện lợi, chắc chắn gi&uacute;p bạn dễ d&agrave;ng mang theo mọi l&uacute;c, mọi nơi để bảo vệ, chăm s&oacute;c cho m&aacute;i t&oacute;c của m&igrave;nh.</p>');
INSERT INTO `products` VALUES (25, 2, 'Dầu Gội Phục Hồi Tóc Chiết Xuất Dầu Ngựa Nagano NG1043 ', 'Bảo vệ chống khô và gãy rụng cho tóc,chăm sóc chuyên sâu cho tóc hư tổn', 'images/product/25/product-img.png', 'nagano', '<h4>Dầu Gội Phục Hồi T&oacute;c Chiết Xuất Dầu Ngựa Nagano NG1043</h4>\r\n<p>Th&agrave;nh phần chủ yếu l&agrave; dầu ngựa dễ d&agrave;ng thẩm thấu s&acirc;u nu&ocirc;i dưỡng da đầu khỏe mạnh.</p>\r\n<p>Tinh chất dầu ngựa bổ sung dưỡng chất, cải tạo cấu tr&uacute;c b&ecirc;n trong của t&oacute;c, k&iacute;ch th&iacute;ch tuần ho&agrave;n m&aacute;u, gi&uacute;p t&oacute;c lu&ocirc;n chắc khỏe, b&oacute;ng đẹp.</p>\r\n<p>Bổ sung tăng cường c&aacute;c loại vitamin, protein c&aacute;m gạo, chiết xuất hoa đậu biếc&hellip; gi&uacute;p cải thiện c&aacute;c vấn đề về t&oacute;c như: hư tổn, g&agrave;u, ngứa, g&atilde;y rụng, xơ, chẻ ngọn&hellip; trả lại cho bạn một m&aacute;i t&oacute;c d&agrave;y, b&oacute;ng đẹp, bồng bềnh m&agrave; kh&ocirc;ng g&acirc;y bết d&iacute;nh.</p>\r\n<p>Chất chiết xuất từ dầu ngựa, protein c&aacute;m gạo, chiết xuất hoa đậu biếc, vitamin&hellip; dưỡng t&oacute;c b&oacute;ng mượt, chắc khỏe.</p>');
INSERT INTO `products` VALUES (26, 2, 'Dầu Gội Dr. Sante Argan Hair Phục Hồi Tóc Hư Tổn ', 'Giảm thiểu và khôi phục tối đa sợi tóc bị khô, chẻ ngọn', 'images/product/26/product-img.png', 'argan', '<h4>Dầu Gội Dr. Sante Argan Hair Phục Hồi T&oacute;c Hư Tổn</h4>\r\n<p>Được đặc chế theo c&ocirc;ng nghệ ri&ecirc;ng của h&atilde;ng mỹ phẩm ch&acirc;u &Acirc;u nổi tiếng - Dr.Sante d&agrave;nh ri&ecirc;ng cho m&aacute;i t&oacute;c đ&atilde; bị hư tổn. Với c&aacute;c dưỡng chất từ dầu Argan v&agrave; Keratin gi&uacute;p thấm s&acirc;u, giảm thiểu t&oacute;c hư tổn v&agrave; xoăn cứng, dầu gội sẽ mang đến cho bạn m&aacute;i t&oacute;c b&oacute;ng khỏe từ gốc đến ngọn.</p>\r\n<p>Argan Oil: th&agrave;nh phần dầu Argan từ l&acirc;u đ&atilde; nổi tiếng trong việc dưỡng ẩm s&acirc;u, đặc biệt phục hồi v&agrave; tăng cường dinh dưỡng cho từng sợi t&oacute;c để giảm thiểu tối đa t&oacute;c chẻ ngọn, cải thiện độ sang, b&oacute;ng của t&oacute;c.</p>\r\n<p>Keratin: l&agrave; một trong những th&agrave;nh phần cơ bản của m&aacute;i t&oacute;c, tuy nhi&ecirc;n, theo thời gian, dưới t&aacute;c động của m&ocirc;i trường, t&oacute;c sẽ bị mất dần lượng Keratin. Ch&iacute;nh v&igrave; vậy, việc trong sản phẩm c&oacute; chứa th&agrave;nh phần Keratin sẽ gi&uacute;p bổ sung lượng chất đạm tự nhi&ecirc;n bị mất, phục hồi m&aacute;i t&oacute;c hư tổn. Keratin sẽ th&acirc;m nhập v&agrave;o từng sợi t&oacute;c, l&agrave;m đầy c&aacute;c vết nh&aacute;m, kh&ocirc;, xơ tr&ecirc;n t&oacute;c, gi&uacute;p t&oacute;c trở n&ecirc;n b&oacute;ng mượt hơn, đồng thời ngăn ngừa g&atilde;y rụng v&agrave; chẻ ngọn.</p>');
INSERT INTO `products` VALUES (27, 2, 'Kem Phục Hồi Tóc Hư Tổn MH Natural Haircare', 'Dưỡng tóc mềm mại, chống rụng tóc, giúp mọc tóc, chống gàu', 'images/product/27/product-img.png', 'haircare', '<h4>Kem Phục Hồi T&oacute;c Hư Tổn MH Natural Haircare</h4>\r\n<p>Chiết xuất từ những nguy&ecirc;n liệu từ thi&ecirc;n nhi&ecirc;n như dầu dừa, dầu castor, bơ hạt mỡ, vitamin E tinh dầu dưỡng v&agrave; mọc t&oacute;c Rosemary.</p>\r\n<p>Sản phẩm gi&uacute;p dưỡng cho m&aacute;i t&oacute;c mềm mại, chống rụng t&oacute;c, gi&uacute;p mọc t&oacute;c nhanh v&agrave; hạn chế g&agrave;u.</p>\r\n<p>Hương thơm nhẹ dịu suốt cả ng&agrave;y.</p>');
INSERT INTO `products` VALUES (28, 2, 'Dầu gội bưởi & Bồ Kết Herbario giảm rụng tóc, phục hồi tóc ', 'Giảm rụng tóc, cung cấp dưỡng chất nuôi dưỡng từ gốc đến ngọn, phục hồi tóc hư tổn sâu, giúp tóc suôn mượt tự nhiên', 'images/product/28/product-img.png', 'herbario', '<h4>Dầu gội bưởi &amp; Bồ Kết Herbario giảm rụng t&oacute;c, phục hồi t&oacute;c</h4>\r\n<p>Dầu gội vỏ bưởi &amp; bồ kết HERBARIO gi&uacute;p giảm rụng t&oacute;c*, nu&ocirc;i dưỡng t&oacute;c từ s&acirc;u b&ecirc;n trong, cung cấp dưỡng chất gi&uacute;p t&oacute;c chắc khỏe, phục hồi t&oacute;c hư tổn do t&aacute;c động của m&ocirc;i trường v&agrave; h&oacute;a chất, gi&uacute;p t&oacute;c lu&ocirc;n khỏe mạnh, su&ocirc;n mượt v&agrave; mềm mại.</p>\r\n<p>D&ugrave;ng cho c&aacute;c trường hợp rụng t&oacute;c nhiều v&agrave; sau rụng t&oacute;c do c&aacute;c nguy&ecirc;n nh&acirc;n: thay đổi nội tiết, l&atilde;o h&oacute;a, sử dụng c&aacute;c loại thuốc, h&oacute;a chất, thiếu dinh dưỡng, l&agrave;m việc căng thẳng, thay đổi nguồn nước, hoặc t&oacute;c rụng nhiều kh&ocirc;ng c&oacute; nguy&ecirc;n nh&acirc;n; những người t&oacute;c thưa, xơ, chẻ ngọn, t&oacute;c c&oacute; nhiều dầu, người c&oacute; nguy cơ h&oacute;i đầu v&agrave; bệnh nh&acirc;n rụng t&oacute;c sau thời gian h&oacute;a trị, xạ trị ung thư.</p>');
INSERT INTO `products` VALUES (29, 2, 'Tinh Chất Phục Hồi Tóc Hư Tổn Từ Olive Aspasia Oilve Essence ', 'Khôi phục lại sức sống và dinh dưỡng cho tóc yếu, tóc chẻ ngọn, hương thơm quyến rũ  và đem lại sự mượt mà óng mượt cho tóc', 'images/product/29/product-img.png', 'aspasia', '<h4>Tinh Chất Phục Hồi T&oacute;c Hư Tổn Từ Olive Aspasia Oilve Essence</h4>\r\n<p>Th&agrave;nh phần si&ecirc;u đậm đặc, chiết xuất từ tr&aacute;i Olive c&ugrave;ng h&agrave;ng loạt c&aacute;c Vitamin, c&aacute;c acid b&eacute;o dưỡng t&oacute;c gi&uacute;p cho t&oacute;c mềm mại v&agrave; giảm xơ rối tức th&igrave;. Dưỡng chất trong Olive c&ugrave;ng với h&agrave;m lượng dưỡng ẩm cho t&oacute;c kh&ocirc;, xơ gi&uacute;p cung cấp dinh dưỡng cho m&aacute;i t&oacute;c yếu, chẻ ngọn một c&aacute;ch hiệu quả v&agrave; l&acirc;u d&agrave;i. Ngo&agrave;i ra,hương thơm quyến rũ lưu lại tr&ecirc;n t&oacute;c suốt cả ng&agrave;y v&agrave; đem lại sự mượt m&agrave; &oacute;ng mượt cho t&oacute;c.</p>\r\n<p>Tinh chất dưỡng t&oacute;c Aspasia Olive Essence với chiết xuất tr&aacute;i olive gi&uacute;p phục hồi sức sống v&agrave; dinh dưỡng cho m&aacute;i t&oacute;c kh&ocirc; v&agrave; chẻ ngọn.</p>\r\n<p>Hương thơm dịu nhẹ quyến rũ lưu lại tr&ecirc;n t&oacute;c suốt cả ng&agrave;y v&agrave; đem lại sự &oacute;ng mượt cho m&aacute;i t&oacute;c.</p>');
INSERT INTO `products` VALUES (30, 2, 'Dầu Xả Phục Hồi Và Bảo Vệ Tóc Chiết Xuất Olive Và Argan ', 'Giúp tóc chắc khỏe, cân bằng độ ẩm và bóng mượt, làm mềm và mượt tóc, giúp tóc nhanh vào nếp', 'images/product/30/product-img.png', 'olive', '<h4>Dầu Xả Phục Hồi V&agrave; Bảo Vệ T&oacute;c Chiết Xuất Olive V&agrave; Argan</h4>\r\n<p>Chứa h&agrave;m lượng lớn oleic axit gi&uacute;p củng cố v&agrave; bảo vệ t&oacute;c bằng c&aacute;ch li&ecirc;n kết lại c&aacute;c tế b&agrave;o gốc tự nhi&ecirc;n.</p>\r\n<p>Kết hợp với h&agrave;m lượng cao Protein Complex tạo n&ecirc;n bởi protein của đậu n&agrave;nh, l&uacute;a mạch v&agrave; ng&ocirc;, dầu xả t&oacute;c olive v&agrave; argan gi&uacute;p t&oacute;c chắc khỏe, c&acirc;n bằng độ ẩm v&agrave; b&oacute;ng mượt.</p>\r\n<p>Tinh dầu Olive Gi&uacute;p l&agrave;m mềm v&agrave; mượt t&oacute;c, gi&uacute;p t&oacute;c nhanh v&agrave;o nếp, thấm s&acirc;u k&iacute;ch th&iacute;ch t&oacute;c nhanh mọc d&agrave;i, dưỡng ẩm tr&aacute;nh bong tr&oacute;c da đầu. Trị g&agrave;u, giảm kh&ocirc; da đầu, c&oacute; thể trị nấm da đầu giảm ngứa do gầu g&acirc;y ra. C&aacute;c dưỡng chất trong dầu oliu c&oacute; t&aacute;c dụng k&iacute;ch th&iacute;ch ch&acirc;n t&oacute;c, gi&uacute;p t&oacute;c nhanh mọc d&agrave;i, giảm g&atilde;y rụng, tạo độ d&agrave;y cho m&aacute;i t&oacute;c.</p>');
INSERT INTO `products` VALUES (31, 3, 'Gel Tạo Tóc Gatsby Wg Uh-Gel Siêu Cứng Level 9 ', 'Tạo kiểu tóc siêu cứng ấn tượng, tính năng độc đáo giữ được độ cứng cho tóc', 'images/product/31/product-img.png', 'gatsby', '<h4>Gel Tạo T&oacute;c Gatsby Wg Uh-Gel Si&ecirc;u Cứng Level 9</h4>\r\n<p>Tạo kiểu t&oacute;c si&ecirc;u cứng ấn tượng</p>\r\n<p>T&iacute;nh năng độc đ&aacute;o giữ được độ cứng cho t&oacute;c.</p>\r\n<p>Bổ sung t&iacute;nh năng kh&ocirc;ng bết d&iacute;nh</p>\r\n<p>Gi&uacute;p tạo kiểu đa dạng</p>\r\n<p>Giữ độ b&oacute;ng tốt</p>');
INSERT INTO `products` VALUES (32, 3, 'Wax Tạo Kiểu Tóc Amby London Hex Twisted Fibre', 'Tạo kiểu, làm bóng, giữ nếp và bảo vệ tóc, khô nhanh, không gây bết dính', 'images/product/32/product-img.png', 'amby', '<h4>Wax Tạo Kiểu T&oacute;c Amby London Hex Twisted Fibre</h4>\r\n<p>S&aacute;p tạo kiểu giữ nếp tốt, hương thơm nhẹ nh&agrave;ng, dễ d&agrave;ng gội sạch v&agrave; kh&ocirc;ng l&agrave;m nặng t&oacute;c.</p>\r\n<p>Wax với c&ocirc;ng thức độc đ&aacute;o gi&uacute;p t&oacute;c dễ v&agrave;o nếp đồng thời tạo lớp m&agrave;ng bảo vệ t&oacute;c khỏi c&aacute;c t&aacute;c hại của m&ocirc;i trường v&agrave; &aacute;nh nắng mặt trời, đem lại m&aacute;i t&oacute;c phong c&aacute;ch, c&aacute; t&iacute;nh như &yacute; muốn.</p>\r\n<p>Sản phẩm được sản xuất tại Malaysia với c&aacute;c th&agrave;nh phần an to&agrave;n với m&aacute;i t&oacute;c người sử dụng.</p>');
INSERT INTO `products` VALUES (33, 3, 'Gel Tạo Kiểu Tóc Goodlook Hard Hair Gel ', 'Bảo vệ tóc, giúp tóc bóng mượt, hương thơm nam tính, phù hợp với mọi loại tóc', 'images/product/33/product-img.png', 'goodluck', '<h4>Gel Tạo Kiểu T&oacute;c Goodlook Hard Hair Gel</h4>\r\n<p>Được sản xuất từ th&agrave;nh phần gi&agrave;u protein, chiết xuất hạnh nh&acirc;n, tiền Vitamin B5 v&agrave; hoạt chất lọc tia UV.</p>\r\n<p>Gel gi&uacute;p tạo kiểu t&oacute;c đứng v&agrave; giữ nếp l&acirc;u, hương thơm nam t&iacute;nh, ph&ugrave; hợp với mọi loại t&oacute;c.</p>\r\n<p>Kh&ocirc;ng chỉ vậy, gel c&ograve;n gi&uacute;p bảo vệ t&oacute;c trước t&aacute;c hại của bụi bẩn, &ocirc; nhiễm v&agrave; tia bức xạ mặt trời, gi&uacute;p t&oacute;c lu&ocirc;n khỏe mạnh, b&oacute;ng mượt v&agrave; dễ chải.</p>');
INSERT INTO `products` VALUES (34, 3, 'Gel Gatsby Vuốt Tóc Siêu Cứng SH', 'Nhanh khô và tạo kiểu tóc không dính và sáng bóng, chứa tác nhân tạo kiểu chống ẩm có khả năng chống mồ hôi và độ ẩm', 'images/product/34/product-img.png', 'gatsby', '<h4>Gel Gatsby Vuốt T&oacute;c Si&ecirc;u Cứng SH</h4>\r\n<p>Nhanh kh&ocirc; v&agrave; tạo kiểu t&oacute;c kh&ocirc;ng d&iacute;nh v&agrave; s&aacute;ng b&oacute;ng. Chứa t&aacute;c nh&acirc;n tạo kiểu chống ẩm c&oacute; khả năng chống mồ h&ocirc;i v&agrave; độ ẩm.</p>\r\n<p>Dễ d&agrave;ng để restyle với nước.</p>\r\n<p>L&agrave;m mới hương thơm cam qu&yacute;t v&agrave; chứa pro-vitamin B5.</p>');
INSERT INTO `products` VALUES (35, 3, 'Gel Tạo Kiểu Tóc Goodlook Wet Hard Styling Gel', 'Bảo vệ tóc, giúp tóc bóng mượt, hương thơm nam tính, phù hợp với mọi loại tóc', 'images/product/35/product-img.png', 'goodluck', '<h4>Gel Tạo Kiểu T&oacute;c Goodlook Wet Hard Styling Gel</h4>\r\n<p>Được sản xuất từ th&agrave;nh phần gi&agrave;u vitamin E, chiết xuất hạnh nh&acirc;n, tiền Vitamin B5 v&agrave; hoạt chất lọc tia UV.</p>\r\n<p>Gel gi&uacute;p tạo kiểu t&oacute;c đứng v&agrave; giữ nếp l&acirc;u, hương thơm nam t&iacute;nh, ph&ugrave; hợp với mọi loại t&oacute;c.</p>\r\n<p>Kh&ocirc;ng chỉ vậy, gel c&ograve;n gi&uacute;p bảo vệ t&oacute;c trước t&aacute;c hại của bụi bẩn, &ocirc; nhiễm v&agrave; tia bức xạ mặt trời, gi&uacute;p t&oacute;c lu&ocirc;n khỏe mạnh, b&oacute;ng mượt v&agrave; dễ chải.</p>');
INSERT INTO `products` VALUES (36, 3, 'Gel vuốt tóc Romano Classic Siêu cứng', 'Giữ nếp siêu cứng, hương thơm nam tính, giúp tóc bóng khỏe, phù hợp với mọi loại tóc', 'images/product/36/product-img.png', 'romano', '<h4>Gel vuốt t&oacute;c Romano Classic Si&ecirc;u cứng</h4>\r\n<p>Giữ nếp si&ecirc;u cứng</p>\r\n<p>Gi&uacute;p t&oacute;c b&oacute;ng khỏe</p>\r\n<p>Ph&ugrave; hợp với mọi loại t&oacute;c</p>\r\n<p>Gi&uacute;p tạo những kiểu t&oacute;c ấn tượng với độ giữ nếp cứng. Gel tạo kiểu t&oacute;c Romano Classic si&ecirc;u cứng với c&ocirc;ng thức cải thiện gi&agrave;u chất giữ ẩm gi&uacute;p cho t&oacute;c b&oacute;ng khỏe. Kh&ocirc;ng l&agrave;m d&iacute;nh t&oacute;c, chứa th&agrave;nh phần ngăn tia UV. Hương thơm độc đ&aacute;o Romano Classic cho bạn một phong c&aacute;ch lịch l&atilde;m v&agrave; đầy quyến rũ. ​Hướng dẫn sử dụng Cho lượng gel vừa đủ v&agrave;o l&ograve;ng b&agrave;n tay, xoa đều v&agrave; vuốt l&ecirc;n t&oacute;c để tạo kiểu theo &yacute; muốn. Sau khi đội mũ bảo hiểm, l&agrave;m ẩm t&oacute;c để tạo lại kiểu t&oacute;c ưng &yacute;. Bảo quản Tr&aacute;nh để ở nhiệt độ cao. Đ&oacute;ng nắp sau khi sử dụng.</p>');
INSERT INTO `products` VALUES (37, 3, 'Gel X-Men Siêu Cứng & Bóng Tóc', 'Giải pháp giúp tóc không bị mất nếp, giúp giữ nếp siêu cứng ở cấp độ 6, dễ dàng tạo lại kiểu tóc sau khi đội mũ bảo hiểm', 'images/product/37/product-img.png', 'xmen', '<h4>Gel X-Men Si&ecirc;u Cứng &amp; B&oacute;ng T&oacute;c</h4>\r\n<p>Giải ph&aacute;p gi&uacute;p t&oacute;c kh&ocirc;ng bị mất nếp v&agrave; dễ d&agrave;ng tạo những kiểu t&oacute;c thật thời trang theo &yacute; muốn.</p>\r\n<p>Gel với hợp chất Copolymer v&agrave; Panthenol gi&uacute;p giữ nếp si&ecirc;u cứng ở cấp độ 6, dễ d&agrave;ng tạo lại kiểu t&oacute;c sau khi đội mũ bảo hiểm v&agrave; nu&ocirc;i dưỡng t&oacute;c chắc khỏe.</p>\r\n<p>Với X-men, bạn sẽ khẳng định được phong c&aacute;ch nam t&iacute;nh của m&igrave;nh với những kiểu t&oacute;c ấn tượng v&agrave; ho&agrave;n hảo nhất.</p>');
INSERT INTO `products` VALUES (38, 3, 'Gel X-Men Cứng Tóc', 'Giữ nếp tóc tự nhiên, ít bết dính, dễ dàng tạo kiểu tóc, hương gỗ trầm đỏ và hỗ phách, phù hợp với mọi loại tóc', 'images/product/38/product-img.png', 'xmen', '<h4>Gel X-Men Cứng T&oacute;c</h4>\r\n<p>Với c&ocirc;ng thức \"Strong Hold\" giữ l&acirc;u nếp t&oacute;c, giữ độ ẩm tự nhi&ecirc;n cho t&oacute;c v&agrave; kh&ocirc;ng g&acirc;y nhờn.</p>\r\n<p>Gel vuốt t&oacute;c Xmen gi&uacute;p bạn tạo những nếp t&oacute;c theo &yacute; muốn, giữ nếp t&oacute;c l&acirc;u v&agrave; cho m&aacute;i t&oacute;c b&oacute;ng mượt.</p>\r\n<p>Quan trọng hơn l&agrave; hương thơm độc đ&aacute;o, qu&yacute; ph&aacute;i của nước hoa Xmen Sport sẽ tạo cho bạn một phong c&aacute;ch, một c&aacute; t&iacute;nh đ&agrave;n &ocirc;ng đ&uacute;ng nghĩa.</p>\r\n<p>D&agrave;nh cho mọi loại t&oacute;c.</p>');

-- ----------------------------
-- Table structure for reservations
-- ----------------------------
DROP TABLE IF EXISTS `reservations`;
CREATE TABLE `reservations`  (
  `reservation_id` int(11) NOT NULL AUTO_INCREMENT,
  `reservation_status` int(11) NOT NULL,
  `reservation_date` varchar(11) CHARACTER SET utf8 COLLATE utf8_general_ci NOT NULL,
  `reservation_time` int(11) NOT NULL,
  `reservation_marks` int(11) NOT NULL DEFAULT 0,
  `reservation_remark` text CHARACTER SET utf8 COLLATE utf8_general_ci NULL,
  `customer_id` varchar(12) CHARACTER SET utf8 COLLATE utf8_general_ci NOT NULL,
  `stylist_id` int(11) NOT NULL,
  `branch_id` int(11) NOT NULL,
  `service_id` int(11) NOT NULL,
  PRIMARY KEY (`reservation_id`) USING BTREE,
  INDEX `fk_reserve_customer_id`(`customer_id`) USING BTREE,
  INDEX `fk_reserve_stylist_id`(`stylist_id`) USING BTREE,
  INDEX `fk_reserve_branch_id`(`branch_id`) USING BTREE
) ENGINE = InnoDB AUTO_INCREMENT = 17 CHARACTER SET = utf8 COLLATE = utf8_general_ci ROW_FORMAT = Dynamic;

-- ----------------------------
-- Records of reservations
-- ----------------------------
INSERT INTO `reservations` VALUES (14, 3, '12/12/2018', 11, 5, 'Good!', '0906070937', 2, 1, 1);

-- ----------------------------
-- Table structure for services
-- ----------------------------
DROP TABLE IF EXISTS `services`;
CREATE TABLE `services`  (
  `service_id` int(11) NOT NULL AUTO_INCREMENT,
  `service_name` varchar(50) CHARACTER SET utf8 COLLATE utf8_general_ci NOT NULL DEFAULT 'Service',
  `service_duration` int(11) NOT NULL DEFAULT 1,
  `service_price` int(11) NOT NULL DEFAULT 100000,
  `service_image` text CHARACTER SET utf8 COLLATE utf8_general_ci NULL,
  PRIMARY KEY (`service_id`) USING BTREE
) ENGINE = InnoDB AUTO_INCREMENT = 7 CHARACTER SET = utf8 COLLATE = utf8_general_ci ROW_FORMAT = Dynamic;

-- ----------------------------
-- Records of services
-- ----------------------------
INSERT INTO `services` VALUES (1, 'Cắt tóc', 1, 100000, NULL);
INSERT INTO `services` VALUES (2, 'Nhuộm tóc', 1, 100000, NULL);
INSERT INTO `services` VALUES (3, 'Uốn tóc', 1, 200000, NULL);
INSERT INTO `services` VALUES (4, 'Combo Cắt và Nhuộm tóc', 2, 180000, NULL);
INSERT INTO `services` VALUES (5, 'Combo Cắt, Nhuộm, Uốn tóc', 3, 350000, NULL);
INSERT INTO `services` VALUES (6, 'Dưỡng tóc', 2, 150000, NULL);

-- ----------------------------
-- Table structure for stylists
-- ----------------------------
DROP TABLE IF EXISTS `stylists`;
CREATE TABLE `stylists`  (
  `stylist_id` int(11) NOT NULL AUTO_INCREMENT,
  `stylist_branch_id` int(11) NOT NULL,
  `stylist_name` varchar(30) CHARACTER SET utf8 COLLATE utf8_general_ci NOT NULL DEFAULT 'Stylist',
  `stylist_password` varchar(10) CHARACTER SET utf8 COLLATE utf8_general_ci NOT NULL DEFAULT '123',
  `stylist_image` text CHARACTER SET utf8 COLLATE utf8_general_ci NULL,
  `stylist_status` int(11) NOT NULL DEFAULT 1,
  `stylist_phone` varchar(20) CHARACTER SET utf8 COLLATE utf8_general_ci NULL DEFAULT NULL,
  PRIMARY KEY (`stylist_id`) USING BTREE,
  INDEX `fk_stylist_branch_id`(`stylist_branch_id`) USING BTREE
) ENGINE = InnoDB AUTO_INCREMENT = 9 CHARACTER SET = utf8 COLLATE = utf8_general_ci ROW_FORMAT = Dynamic;

-- ----------------------------
-- Records of stylists
-- ----------------------------
INSERT INTO `stylists` VALUES (1, 1, 'David Beckham', 'david', '', 1, '0123456789');
INSERT INTO `stylists` VALUES (2, 1, 'Taylor Swift', '0906070937', NULL, 1, '0123456788');
INSERT INTO `stylists` VALUES (5, 1, 'Selena Gomez', 'selena', '', 1, '0123456787');
INSERT INTO `stylists` VALUES (6, 2, 'Chris Pratt', 'chris', NULL, 1, '0123456786');
INSERT INTO `stylists` VALUES (7, 2, 'Irelia', '123', '', 0, '0123456785');
INSERT INTO `stylists` VALUES (8, 1, 'Dr. Mundo', 'mundo', NULL, 1, '0123456784');

-- ----------------------------
-- Table structure for users
-- ----------------------------
DROP TABLE IF EXISTS `users`;
CREATE TABLE `users`  (
  `id` int(11) NOT NULL AUTO_INCREMENT,
  `firstname` varchar(60) CHARACTER SET utf8 COLLATE utf8_general_ci NULL DEFAULT NULL,
  `lastname` varchar(60) CHARACTER SET utf8 COLLATE utf8_general_ci NULL DEFAULT NULL,
  `email` varchar(255) CHARACTER SET utf8 COLLATE utf8_general_ci NULL DEFAULT NULL,
  `password` varchar(255) CHARACTER SET utf8 COLLATE utf8_general_ci NOT NULL,
  `is_active` tinyint(1) NULL DEFAULT 0,
  `role` varchar(20) CHARACTER SET utf8 COLLATE utf8_general_ci NULL DEFAULT NULL,
  `last_login` datetime(0) NULL DEFAULT NULL,
  `last_edit` datetime(0) NULL DEFAULT NULL,
  `created` datetime(0) NULL DEFAULT NULL,
  `modified` datetime(0) NULL DEFAULT NULL,
  PRIMARY KEY (`id`) USING BTREE
) ENGINE = InnoDB AUTO_INCREMENT = 2 CHARACTER SET = utf8 COLLATE = utf8_general_ci ROW_FORMAT = Dynamic;

-- ----------------------------
-- Records of users
-- ----------------------------
INSERT INTO `users` VALUES (1, 'Admin', 'admin', 'admin@mail.com', '$2y$10$R7qK0UgtTyOeJ/GRVQYNoua7g1Jbli/Y.hTruHdt9R6StAcYlUI06', 1, 'admin', NULL, '2018-12-03 20:20:33', NULL, '2018-12-03 20:20:33');

SET FOREIGN_KEY_CHECKS = 1;
