-- phpMyAdmin SQL Dump
-- version 4.7.7
-- https://www.phpmyadmin.net/
--
-- Host: localhost
-- Generation Time: Dec 14, 2018 at 10:25 AM
-- Server version: 10.1.31-MariaDB
-- PHP Version: 7.0.26

SET SQL_MODE = "NO_AUTO_VALUE_ON_ZERO";
SET AUTOCOMMIT = 0;
START TRANSACTION;
SET time_zone = "+00:00";


/*!40101 SET @OLD_CHARACTER_SET_CLIENT=@@CHARACTER_SET_CLIENT */;
/*!40101 SET @OLD_CHARACTER_SET_RESULTS=@@CHARACTER_SET_RESULTS */;
/*!40101 SET @OLD_COLLATION_CONNECTION=@@COLLATION_CONNECTION */;
/*!40101 SET NAMES utf8mb4 */;

--
-- Database: `id8161155_gent_hairsalon`
--

-- --------------------------------------------------------

--
-- Table structure for table `articles`
--

CREATE TABLE `articles` (
  `article_id` int(11) NOT NULL,
  `article_category_id` int(11) NOT NULL,
  `article_title` text NOT NULL,
  `article_description` text,
  `article_image` text,
  `article_keyword` text,
  `article_content` text
) ENGINE=InnoDB DEFAULT CHARSET=utf8 ROW_FORMAT=DYNAMIC;

--
-- Dumping data for table `articles`
--

INSERT INTO `articles` (`article_id`, `article_category_id`, `article_title`, `article_description`, `article_image`, `article_keyword`, `article_content`) VALUES
(1, 3, 'Đẹp trai chơi Tết với kiểu tóc nam Side Part uốn xoăn bồng bềnh, lãng tử', 'Side Part đang là 1 trong những kiểu tóc nam HOT trend dạo cuối năm nay. Hàng trăm anh em nam giới đã đổ về Gent chỉ để “lột xác” với kiểu tóc nam đậm chất Hàn Quốc này. Bạn còn chần chừ gì nữa mà không sẵn sàng “quất” ngay để sẵn sàng đẹp trai đi chơi Tết chứ nhỉ?', 'images/article/1/explore.jpg', 'side part, hot trend 2018', '<h2>Đẹp trai chơi Tết với kiểu t&oacute;c nam Side Part uốn xoăn bồng bềnh, l&atilde;ng tử</h2>\r\n<h4>1. Side Part &ndash; Kiểu t&oacute;c nam dẫn đầu xu hướng cuối năm 2018</h4>\r\n<p>Side part l&agrave; kiểu t&oacute;c c&oacute;&nbsp;phần mai hai b&ecirc;n v&agrave; sau g&aacute;y được tỉa ngắn. Trong khi phần t&oacute;c đỉnh đầu c&oacute; độ d&agrave;i ở mức từ 8-10cm. Đặc điểm g&acirc;y ấn tượng của&nbsp;<strong>kiểu t&oacute;c Side Part</strong>&nbsp;ch&iacute;nh l&agrave; phần m&aacute;i được chia ng&ocirc;i 3/7 r&otilde; r&agrave;ng. V&agrave; kiểu t&oacute;c nam đặc biệt n&agrave;y c&ograve;n c&oacute; thể kết hợp với rất nhiều dạng khu&ocirc;n mặt kh&aacute;c nhau.</p>\r\n<p><img class=\"img-fullwidth\" src=\"https://blog.30shine.com/wp-content/uploads/2018/12/Screenshot-2018-12-02-16.20.46.png\" alt=\"article-1-img\" width=\"1254\" height=\"676\" /></p>\r\n<p>Side Part đang trở th&agrave;nh 1 xu hướng t&oacute;c cực HOT dịp cuối năm 2018. H&agrave;ng ng&agrave;n ch&agrave;ng trai đ&atilde; đến 30Shine mỗi ng&agrave;y chỉ để lựa chọn kiểu t&oacute;c &ldquo;thần th&aacute;nh&rdquo; n&agrave;y. Ngo&agrave;i ra, từ kiểu t&oacute;c Side Part, c&aacute;c bạn c&ograve;n c&oacute; thể dễ d&agrave;ng tự biến tấu th&agrave;nh c&aacute;c kiểu t&oacute;c kh&aacute;c như Layer, Comma Hair, Middle Part,&hellip;</p>\r\n<h4>2. Kết hợp uốn xoăn, Side Part l&atilde;ng tử qu&aacute; hợp cho anh em đi chơi Tết</h4>\r\n<p>Bản th&acirc;n Side Part đ&atilde; đẹp nhưng khi kết hợp th&ecirc;m với uốn xoăn, bạn chắc chắn sẽ kh&ocirc;ng hối hận v&igrave; điều đ&oacute;. Uốn xoăn sẽ mang lại những đường n&eacute;t mềm mại, bồng bềnh cực kỳ l&atilde;ng tử. Nếu cho Side Part thường được 8 &ndash; 9 điểm th&igrave; kết hợp với uốn xoăn, bạn sẽ sở hữu ngay 1 kiểu t&oacute;c 10 điểm đẹp trai tuyệt vời.</p>\r\n<p><img class=\"img-fullwidth\" src=\"https://blog.30shine.com/wp-content/uploads/2018/12/Screenshot-2018-12-02-21.23.02.png\" width=\"933\" height=\"667\" /></p>\r\n<p style=\"text-align: center;\"><em>Kết hợp uốn xoăn, Side Part l&atilde;ng tử qu&aacute; hợp cho anh em đi chơi Tết</em></p>\r\n<p>Điều g&igrave; đ&atilde; khiến t&oacute;c uốn trở th&agrave;nh xu hướng cực HOT dịp cuối năm? Đ&oacute; ch&iacute;nh l&agrave; khả năng đẹp m&agrave; chả cần vuốt s&aacute;p. Ri&ecirc;ng với m&aacute;i t&oacute;c uốn xoăn, bạn c&oacute; thể sẵn s&agrave;ng đi chơi Tết m&agrave; chả cần động tới 1 t&iacute; s&aacute;p n&agrave;o.</p>\r\n<p><img class=\"img-fullwidth\" src=\"https://blog.30shine.com/wp-content/uploads/2018/11/uon-toc-1.jpg\" alt=\"\" width=\"800\" height=\"450\" /></p>\r\n<p>Ngo&agrave;i ra,&nbsp;Side Part uốn xoăn&nbsp;c&ograve;n l&agrave; kiểu t&oacute;c nam được rất nhiều chị em ph&aacute;i đẹp ưa th&iacute;ch. Bởi vẻ ngo&agrave;i l&atilde;ng tử, ph&oacute;ng kho&aacute;ng v&agrave; đậm chất H&agrave;n Quốc m&agrave; n&oacute; mang lại. Anh em đ&acirc;u cần phải l&agrave;m g&igrave; nhiều, chỉ cần sở hữu cho m&igrave;nh 1 kiểu t&oacute;c Side Part uốn xoăn bồng bềnh cũng đủ để chinh chiến mọi cuộc chơi.</p>\r\n<p>&nbsp;</p>'),
(2, 3, 'Nhuộm tóc màu khói chơi Tết, tại sao không?', 'Năm mới sắp đến, bạn đã có ý tưởng gì cho mái tóc của mình? Một gợi ý tuyệt vời cho các chàng chính là nhuộm tóc màu khói – đừng bỏ qua nhé!', 'images/article/2/explore.jpg', 'nhuom toc, mau nhuom dep', '<h2>Nhuộm t&oacute;c m&agrave;u kh&oacute;i chơi Tết, tại sao kh&ocirc;ng?</h2>\r\n<p>Năm 2018 sắp qua đi, đ&acirc;y l&agrave; l&uacute;c ch&uacute;ng ta n&ecirc;n g&aacute;c lại những bộn bề của năm cũ v&agrave; x&acirc;y dựng cho m&igrave;nh một tinh thần mới. H&atilde;y l&agrave;m mới m&igrave;nh bằng những thay đổi trước ti&ecirc;n về diện mạo, thời trang. Bởi tự tin hơn về ngoại h&igrave;nh của m&igrave;nh sẽ l&agrave; bước đệm để c&aacute;c ch&agrave;ng c&oacute; một năm mới th&agrave;nh c&ocirc;ng hơn. Đơn giản l&agrave; h&atilde;y thử bắt đầu với một kiểu t&oacute;c hay m&agrave;u t&oacute;c mới. V&agrave;&nbsp;nhuộm t&oacute;c m&agrave;u kh&oacute;i&nbsp;ch&iacute;nh l&agrave; một gợi &yacute; tuyệt vời cho ch&agrave;ng chơi Tết. Kh&ocirc;ng phải l&agrave; những m&agrave;u&nbsp;nhuộm t&oacute;c&nbsp;đơn thuần, m&aacute;i t&oacute;c nhuộm m&agrave;u kh&oacute;i mang lại cho ch&agrave;ng phong c&aacute;ch cool ngầu, chất chơi hơn bao giờ hết. Ch&uacute;ng rất ph&ugrave; hợp với kh&ocirc;ng kh&iacute; của những ng&agrave;y đầu ti&ecirc;n trong năm mới.</p>\r\n<h4>1. Đen kh&oacute;i</h4>\r\n<p>H&atilde;y bắt đầu bằng một thay đổi nho nhỏ với nhuộm t&oacute;c m&agrave;u đen kh&oacute;i.</p>\r\n<p><img class=\"img-middlesquare\" src=\"https://blog.30shine.com/wp-content/uploads/2018/12/Nhuom-toc-mau-khoi-choi-tet-tai-sao-khong-30Shine.jpg\" alt=\"\" width=\"800\" height=\"613\" /></p>\r\n<p style=\"text-align: center;\"><em>Nhuộm t&oacute;c m&agrave;u đen kh&oacute;i</em></p>\r\n<p>Vẫn l&agrave; m&agrave;u t&oacute;c đen &ldquo;nguy&ecirc;n thủy&rdquo; nhưng giờ đ&acirc;y đ&atilde; được h&ograve;a quyện th&ecirc;m một ch&uacute;t hiệu ứng &aacute;nh kh&oacute;i. Kh&ocirc;ng cần m&agrave;u m&egrave; sặc sỡ, đen kh&oacute;i vẫn thừa sức gi&uacute;p ch&agrave;ng tỏa s&aacute;ng. Đối với những người c&oacute; l&agrave;n da ngăm đen, m&agrave;u t&oacute;c đen kh&oacute;i sẽ l&agrave; sự thay thế ho&agrave;n hảo cho m&agrave;u hạt dẻ th&ocirc;ng thường.</p>\r\n<p>Đối với những ch&agrave;ng trai c&oacute; phụ huynh kh&oacute; t&iacute;nh m&agrave; vẫn muốn s&agrave;nh điệu chơi tết th&igrave; kh&ocirc;ng thể bỏ qua m&agrave;u t&oacute;c n&agrave;y. Bởi đen kh&oacute;i c&oacute; t&iacute;nh chất trầm, lạnh. Do đ&oacute;, n&oacute; sẽ kh&ocirc;ng phải l&agrave; kiểu t&oacute;c nổi bần bật, khiến cho người lớn kh&ocirc;ng h&agrave;i l&ograve;ng. Thậm ch&iacute; khi ngồi trong nh&agrave; tr&ocirc;ng bạn rất ngoan hiền. Nhưng khi bạn ra ngo&agrave;i v&agrave; &ldquo;l&ecirc;n đồ&rdquo; cực chất th&igrave; ngay lập tức n&oacute; sẽ hiện nguy&ecirc;n h&igrave;nh. N&oacute; sẽ biến th&agrave;nh kiểu t&oacute;c đầy s&agrave;nh điệu.</p>\r\n<h4>2. N&acirc;u kh&oacute;i</h4>\r\n<p>Nếu đen kh&oacute;i c&oacute; vẻ qu&aacute; an to&agrave;n th&igrave; c&aacute;c ch&agrave;ng c&oacute; thể chọn cho m&igrave;nh n&acirc;u kh&oacute;i. Đ&acirc;y l&agrave; một trong những xu hướng đ&atilde; &ldquo;c&agrave;n qu&eacute;t&rdquo; năm 2018 vừa qua v&agrave; được dự đo&aacute;n sẽ tiếp tục chiếm lĩnh l&agrave;ng thời trang t&oacute;c trong năm 2019 sắp tới.</p>\r\n<p><img class=\"img-fullwidth\" src=\"https://blog.30shine.com/wp-content/uploads/2018/12/Nhuom-toc-mau-khoi-choi-tet-tai-sao-khong-30Shine1.jpg\" alt=\"\" width=\"800\" height=\"450\" /></p>\r\n<p style=\"text-align: center;\"><em>N&acirc;u kh&oacute;i</em></p>\r\n<p>M&aacute;i t&oacute;c n&acirc;u kh&oacute;i kh&ocirc;ng qu&aacute; s&aacute;ng hoặc tối, mang lại sự mới lạ về m&agrave;u t&oacute;c. Đồng thời, n&oacute; tạo cho c&aacute;c ch&agrave;ng trai sự nổi bật v&agrave; l&atilde;ng mạn, dễ d&agrave;ng h&uacute;t hồn c&aacute;c c&ocirc; g&aacute;i.</p>\r\n<p>N&oacute; kh&ocirc;ng qu&aacute; nổi bật để khiến cho họ h&agrave;ng &ldquo;hốt hoảng&rdquo; khi gặp bạn trong dịp Tết. Nhưng n&oacute; cũng kh&ocirc;ng qu&aacute; trầm để bạn vẫn thể thoải m&aacute;i &ldquo;quẩy&rdquo; c&ugrave;ng bạn b&egrave;. Bắt trend đ&oacute;n năm mới ngay đi th&ocirc;i!</p>\r\n<p><strong>3. R&ecirc;u kh&oacute;i</strong></p>\r\n<p>S&aacute;ng hơn một ch&uacute;t l&agrave; r&ecirc;u kh&oacute;i. Mẫu&nbsp;nhuộm t&oacute;c m&agrave;u kh&oacute;i&nbsp;n&agrave;y l&agrave; sự pha trộn th&uacute; vị giữa m&agrave;u r&ecirc;u v&agrave; m&agrave;u kh&oacute;i tự nhi&ecirc;n.</p>\r\n<p><img class=\"img-fullwidth\" src=\"https://blog.30shine.com/wp-content/uploads/2018/12/Nhuom-toc-mau-khoi-choi-tet-tai-sao-khong-30Shine2.jpg\" alt=\"\" width=\"800\" height=\"533\" /></p>\r\n<p style=\"text-align: center;\"><em>R&ecirc;u kh&oacute;i</em></p>\r\n<p style=\"text-align: left;\">&nbsp;</p>\r\n<p>Nếu l&agrave;n da của bạn kh&ocirc;ng được trắng, h&atilde;y chọn m&agrave;u r&ecirc;u kh&oacute;i m&aacute;t mẻ.&nbsp;Những kiểu t&oacute;c &ldquo;ăn hợp&rdquo; với r&ecirc;u kh&oacute;i thường l&agrave; những kiểu&nbsp;t&oacute;c nam H&agrave;n Quốc&nbsp;như Layer, Comma Hair, t&oacute;c m&aacute;i d&agrave;i, t&oacute;c bổ luống.</p>\r\n<p>Kiểu t&oacute;c n&agrave;y đem đến cho bạn sự ph&aacute; c&aacute;ch v&agrave; s&agrave;nh điệu. N&oacute; ph&ugrave; hợp với những ch&agrave;ng trai ph&aacute; c&aacute;ch. Chắc chắn Tết n&agrave;y bạn sẽ chất lắm đấy!</p>\r\n<h4>4. X&aacute;m kh&oacute;i</h4>\r\n<p>Bạn c&oacute; thể &ldquo;nổi bần bật&rdquo; hơn nữa với nhuộm t&oacute;c m&agrave;u x&aacute;m kh&oacute;i.</p>\r\n<p><img class=\"img-fullwidth\" src=\"https://blog.30shine.com/wp-content/uploads/2018/12/Nhuom-toc-mau-khoi-choi-tet-tai-sao-khong-30Shine3.jpg\" alt=\"\" width=\"700\" height=\"407\" /></p>\r\n<p>Với m&agrave;u sắc n&agrave;y, c&aacute;c ch&agrave;ng ho&agrave;n to&agrave;n &ldquo;lột x&aacute;c&rdquo; ngoại h&igrave;nh của m&igrave;nh. Kh&ocirc;ng &ldquo;ngoan ngo&atilde;n&rdquo; như n&acirc;u hay đen, x&aacute;m kh&oacute;i &ldquo;chất chơi&rdquo; hơn bao giờ hết. N&oacute; kh&ocirc;ng hề khiến bạn gi&agrave; đi m&agrave; ngược lại gi&uacute;p những m&aacute;i t&oacute;c nam H&agrave;n Quốc tr&ocirc;ng c&agrave;ng c&aacute; t&iacute;nh v&agrave; nổi loạn. Nếu bạn đang t&igrave;m kiếm một điều g&igrave; đ&oacute; thật mới lạ cho m&aacute;i t&oacute;c của m&igrave;nh, đ&acirc;y sẽ l&agrave; một gợi &yacute; tuyệt vời.</p>\r\n<p>Nhuộm t&oacute;c m&agrave;u kh&oacute;i&nbsp;l&agrave; một phong c&aacute;ch kh&aacute; cool ngầu v&agrave; v&ocirc; c&ugrave;ng nổi bật. Ch&uacute;ng rất ph&ugrave; hợp cho những ng&agrave;y vui chơi đ&oacute;n ch&agrave;o năm mới. Tuy nhi&ecirc;n kỹ thuật nhuộm của ch&uacute;ng đ&ograve;i hỏi tay nghề với độ ch&iacute;nh x&aacute;c cao. V&agrave; Gent ch&iacute;nh l&agrave; địa chỉ đ&aacute;ng tin cậy để &ldquo;h&ocirc; biến&rdquo; m&aacute;i t&oacute;c của bạn trở n&ecirc;n đa sắc m&agrave;u. Năm mới sắp đến, nhanh tay đặt lịch cắt t&oacute;c để được sở hữu những kiểu t&oacute;c nam đẹp nhất nh&eacute;!</p>'),
(3, 2, 'Tác dụng tuyệt vời của cỏ cà ri giúp bạn sở hữu mái tóc nam đẹp hoàn hảo', 'Vốn là một loại gia vị được sử dụng phổ biến ở châu Á nhưng tác dụng của cà ri trong việc chăm sóc, tạo nên một mái tóc nam đẹp thì lại ít ai biết đến.', 'images/article/3/explore.jpg', 'co ca ri', '<h2>T&aacute;c dụng tuyệt vời của cỏ c&agrave; ri gi&uacute;p bạn sở hữu m&aacute;i t&oacute;c nam đẹp ho&agrave;n hảo</h2>\r\n<h4>Cỏ c&agrave; ri l&agrave; g&igrave;?</h4>\r\n<p><img class=\"img-fullwidth\" src=\"https://blog.30shine.com/wp-content/uploads/2018/11/cham-soc-toc-nam-dep-tu-hat-co-ca-ri-1.jpg\" alt=\"\" width=\"700\" height=\"465\" /></p>\r\n<p>Cỏ c&agrave; ri xuất ph&aacute;t từ loại c&acirc;y quen thuộc thường được d&ugrave;ng l&agrave;m gia vị. C&agrave; ri được sử dụng rất phổ biến ở ch&acirc;u &Aacute; nhưng thường chỉ biết đến như một loại gia vị nấu ăn.</p>\r\n<p>Trong cỏ c&agrave; ri c&oacute; chứa rất nhiều dưỡng chất c&oacute; lợi cho t&oacute;c v&agrave; cơ thể. Th&agrave;nh phần dinh dưỡng gồm kali, canxi, chất xơ v&agrave; vitamin h&agrave;m lượng cao. Nhờ vậy,&nbsp; cỏ c&agrave; ri gi&uacute;p t&oacute;c được nu&ocirc;i dưỡng tốt hơn. Đồng thời, việc d&ugrave;ng loại gia vị n&agrave;y c&ograve;n đem lại t&aacute;c dụng r&otilde; rệt trong việc phục hồi,&nbsp;cải thiện t&oacute;c.&nbsp;Một m&aacute;i t&oacute;c nam đẹp bao giờ cũng phải bắt đầu từ một m&aacute;i t&oacute;c khỏe, d&agrave;y mượt.</p>\r\n<h4>Ngăn rụng v&agrave; k&iacute;ch th&iacute;ch mọc t&oacute;c</h4>\r\n<p><img class=\"img-fullwidth\" src=\"https://blog.30shine.com/wp-content/uploads/2018/11/cham-soc-toc-nam-dep-tu-hat-co-ca-ri-3.jpg\" alt=\"\" width=\"700\" height=\"700\" /></p>\r\n<p>Th&agrave;nh phần kali v&agrave; canxi c&oacute; trong cỏ c&agrave; ri cực tốt trong giảm thiểu t&oacute;c rụng. Sử dụng cỏ c&agrave; ri như một loại mặt nạ tự nhi&ecirc;n sẽ gi&uacute;p bổ sung dưỡng chất. Một m&aacute;i t&oacute;c chắc khỏe sẽ gi&uacute;p bạn tự do tạo kiểu m&aacute;i t&oacute;c nam đẹp.</p>\r\n<p>Ng&acirc;m hạt cỏ với nước trong v&agrave;i giờ, hoặc sử dụng c&ugrave;ng nước chanh ủ tr&ecirc;n t&oacute;c. Chỉ v&agrave;i chục ph&uacute;t ủ v&agrave; rửa sach lại với nước, t&oacute;c bạn đ&atilde; được bảo vệ, kh&ocirc;ng lo t&oacute;c rụng. Để k&iacute;ch th&iacute;ch mọc t&oacute;c, bạn c&oacute; thể đun hỗn hợp hạt c&agrave; ri với dầu dừa. Sử dụng hỗn hợp n&agrave;y như một loại dầu xả tự nhi&ecirc;n, gội đầu b&igrave;nh thường. Sau v&agrave;i tuần, bạn đ&atilde; c&oacute; thể thấy r&otilde; sự kh&aacute;c biệt.</p>\r\n<h4>Phục hồi, chăm s&oacute;c t&oacute;c hư tổn v&agrave; kh&ocirc; xơ</h4>\r\n<p>Việc tạo kiểu, sấy nhuộm qu&aacute; nhiều dễ khiến t&oacute;c bị hư tổn, kh&ocirc; xơ. T&oacute;c hư tổn l&agrave; nguy&ecirc;n nh&acirc;n trực tiếp khiến nam giới kh&oacute; kiểu một m&aacute;i t&oacute;c nam đẹp. Th&agrave;nh phần chủ yếu của hạt cỏ c&agrave; ri phải kể đến lượng protein v&agrave; canxi rất lớn. Bổ sung protein từ hạt cỏ c&agrave; ri sẽ gi&uacute;p nhanh ch&oacute;ng phục hồi m&aacute;i t&oacute;c, cho bạn tự do tạo kiểu.</p>\r\n<p><img class=\"img-fullwidth\" src=\"https://blog.30shine.com/wp-content/uploads/2018/11/cham-soc-toc-nam-dep-tu-hat-co-ca-ri-2.jpg\" alt=\"\" width=\"700\" height=\"316\" /></p>\r\n<p style=\"text-align: center;\"><em>H&ocirc;n hợp hạt cỏ c&agrave; ri v&agrave; dầu dừa gi&uacute;p phục hồi t&oacute;c nhanh ch&oacute;ng</em></p>\r\n<p style=\"text-align: left;\">C&aacute;c qu&yacute; &ocirc;ng kh&ocirc;ng ngại tốn qu&aacute; nhiều thời gian để l&agrave;m mặt nạ hạt cỏ c&agrave; ri. Trộn hạt cỏ c&agrave; ri xay nhuyễn với một lớp mật ong, dầu &ocirc;liu l&agrave; bạn đ&atilde; c&oacute; hỗn hợp dưỡng t&oacute;c &ldquo;thần th&aacute;nh&rdquo;. Ủ t&oacute;c trong khoảng 45 ph&uacute;t rồi gội nhẹ nh&agrave;ng l&agrave; m&aacute;i t&oacute;c của bạn đ&atilde; được chăm t&oacute;c tận s&acirc;u rồi. Chỉ với 2-3 tuần &aacute;p dụng, bạn sẽ nhận thấy sự mềm mượt, b&oacute;ng khỏe tr&ocirc;ng thấy của m&aacute;i t&oacute;c.</p>\r\n<h4 style=\"text-align: left;\">Hạn chế dầu thừa</h4>\r\n<p><img class=\"img-fullwidth\" src=\"https://blog.30shine.com/wp-content/uploads/2018/11/cham-soc-toc-nam-dep-tu-hat-co-ca-ri.jpg\" alt=\"\" width=\"700\" height=\"515\" /></p>\r\n<p style=\"text-align: center;\"><em>Ng&acirc;m hạt 1 đ&ecirc;m c&ugrave;ng giấm t&aacute;o gi&uacute;p t&oacute;c hạn chế dầu thừa</em></p>\r\n<p style=\"text-align: left;\">&nbsp;</p>\r\n<p>Để hạn chế t&igrave;nh trạng n&agrave;y, bạn c&oacute; thể tự tạo một hỗn hợp từ giấm t&aacute;o v&agrave; hạt cỏ c&agrave; ri. Ng&acirc;m một đ&ecirc;m l&agrave; s&aacute;ng bạn đ&atilde; c&oacute; một loại dưỡng t&oacute;c cực đỉnh. B&ocirc;i đều hỗn hợp l&ecirc;n s&aacute;t da đầu v&agrave; ch&acirc;n t&oacute;c, ủ trong nửa giờ. Gội nhẹ lại với nước l&agrave; cả ng&agrave;y t&oacute;c bạn đ&atilde; lu&ocirc;n sạch sẽ, mềm mại rồi.</p>\r\n<p>C&oacute; v&ocirc; số c&aacute;ch d&ugrave;ng với cỏ c&agrave; ri đều đem lại hiệu quả rất tốt cho sức khỏe v&agrave; đặc biệt l&agrave; m&aacute;i t&oacute;c. Một m&aacute;i t&oacute;c nam đẹp l&agrave; kh&ocirc;ng g&igrave; kh&oacute; khăn với mọi nam giới khi &aacute;p dụng đ&uacute;ng phương ph&aacute;p mỗi ng&agrave;y.</p>\r\n<p>Nguồn:&nbsp;Hairstylecamp</p>'),
(4, 1, 'Vòng quanh thế giới học cách chăm sóc tóc để luôn sở hữu các kiểu tóc đẹp', 'Mỗi quốc gia trên thế giới lại có một đặc điểm địa lý, khí hậu, văn hóa riêng. Vì vậy, cách mỗi nước sử dụng các nguyên liệu tự nhiên để tạo nên các kiểu tóc đẹp lại khác nhau. Cùng dạo quanh thế giới một vòng để học cách chăm sóc tóc một cách hữu hiệu nhất.', 'images/article/4/explore.jpg', 'article 4 , articles', '<h2>V&ograve;ng quanh thế giới học c&aacute;ch chăm s&oacute;c t&oacute;c để lu&ocirc;n sở hữu c&aacute;c kiểu t&oacute;c đẹp</h2>\r\n<h4>Người Ấn Độ sử dụng dầu dừa</h4>\r\n<p><img class=\"img-fullwidth\" src=\"https://blog.30shine.com/wp-content/uploads/2018/11/cac-kieu-toc-dep-1.jpg\" alt=\"\" width=\"700\" height=\"467\" /></p>\r\n<p style=\"text-align: center;\"><em>Người Ấn Độ sử dụng dầu dừa để chăm s&oacute;c t&oacute;c</em></p>\r\n<p>Phụ nữ Ấn Độ nổi tiếng thế giới với m&aacute;i t&oacute;c d&agrave;i v&agrave; đen tuyền mượt m&agrave;. Một trong những b&iacute; quyết của họ ch&iacute;nh l&agrave; dầu dừa. Đ&acirc;y l&agrave; một loại nguy&ecirc;n liệu tự nhi&ecirc;n rất phổ biến trong l&agrave;m đẹp. Thay v&igrave; dầu gội, người Ấn Độ d&ugrave;ng dầu dừa để l&agrave;m sạch v&agrave; xả t&oacute;c. Dầu dừa gi&agrave;u&nbsp;vitamin E,&nbsp;gi&uacute;p t&oacute;c lu&ocirc;n b&oacute;ng đẹp v&agrave; chắc khỏe.&nbsp;C&aacute;c kiểu t&oacute;c đẹp&nbsp;như trong phim Bollywood l&agrave; kết quả của th&oacute;i quen sử dụng dầu dừa hằng ng&agrave;y của người Ấn Độ.</p>\r\n<h4>Tr&aacute;i &ocirc; liu v&agrave; sữa chua l&agrave; sự lựa chọn của đ&agrave;n &ocirc;ng &Yacute;</h4>\r\n<p><img class=\"img-fullwidth\" src=\"https://blog.30shine.com/wp-content/uploads/2018/11/cac-kieu-toc-dep-2.jpg\" alt=\"\" width=\"700\" height=\"467\" /></p>\r\n<p style=\"text-align: center;\"><em>Tr&aacute;i &ocirc; liu v&agrave; sữa chua l&agrave; sự lựa chọn của đ&agrave;n &ocirc;ng &Yacute;</em></p>\r\n<p>&nbsp;</p>\r\n<p>Đ&acirc;y l&agrave; hai loại thực phẩm g&oacute;p phần l&agrave;m n&ecirc;n c&aacute;c kiểu t&oacute;c đẹp bồng bềnh từ nước &Yacute;. Sữa chua gi&agrave;u kho&aacute;ng chất v&agrave; vitamin, gi&uacute;p nu&ocirc;i dưỡng t&oacute;c từ gốc đến tận ngọn. Quả &ocirc; liu c&oacute; t&aacute;c dụng thần kỳ trong phục hồi m&aacute;i t&oacute;c bị hư tổn, kh&ocirc; xơ. Người &Yacute; thường nghiền n&aacute;t quả &ocirc; liu trộn với sữa chua để ủ t&oacute;c 1 lần 1 tuần. Điều n&agrave;y gi&uacute;p cho m&aacute;i t&oacute;c họ lu&ocirc;n mượt m&agrave; v&agrave; khỏe mạnh.</p>\r\n<h4>Tr&aacute;i bơ &ndash; thần dược dưỡng t&oacute;c ở Colombia</h4>\r\n<p>B&iacute; quyết sau m&aacute;i t&oacute;c b&oacute;ng d&agrave;y của người Colombia kh&ocirc;ng g&igrave; kh&aacute;c ch&iacute;nh l&agrave; tr&aacute;i bơ. Bơ l&agrave; loại tr&aacute;i c&acirc;y chứa nhiều axit b&eacute;o tự nhi&ecirc;n v&agrave; chất chống &ocirc; xi h&oacute;a. Họ thường dụng bơ xay nhuyễn trộn với l&ograve;ng đỏ trứng g&agrave; để ủ t&oacute;c. C&aacute;ch n&agrave;y gi&uacute;p t&oacute;c đủ độ ẩm, mềm mại v&agrave; dễ tạo c&aacute;c kiểu t&oacute;c đẹp.</p>\r\n<p><strong>Người Th&aacute;i Lan chăm s&oacute;c t&oacute;c bằng nước cốt dừa</strong></p>\r\n<p><strong><img class=\"img-fullwidth\" src=\"https://blog.30shine.com/wp-content/uploads/2018/11/cac-kieu-toc-dep-3.jpg\" alt=\"\" width=\"700\" height=\"327\" /></strong></p>\r\n<p style=\"text-align: center;\"><em>Nước cốt dừa gi&agrave;u vitamin E l&agrave; b&iacute; quyết gi&uacute;p m&aacute;i t&oacute;c lu&ocirc;n b&oacute;ng mượt</em></p>\r\n<p style=\"text-align: left;\">&nbsp;</p>\r\n<p>Th&aacute;i Lan l&agrave; một đất nước c&oacute; đời sống văn h&oacute;a gắn liền với tr&aacute;i dừa. V&igrave; vậy, họ đ&atilde; sớm kh&aacute;m ph&aacute; ra c&ocirc;ng dụng tuyệt vời của loại quả n&agrave;y trong việc chăm s&oacute;c t&oacute;c. B&iacute; mật đằng sau c&aacute;c kiểu t&oacute;c đẹp của người Th&aacute;i ch&iacute;nh l&agrave; nguy&ecirc;n liệu bất ngờ &ndash; nước cốt dừa. Ch&uacute;ng v&ocirc; c&ugrave;ng gi&agrave;u vitamin E, gi&uacute;p t&oacute;c chắc khỏe từ b&ecirc;n trong. Dưới &aacute;nh nắng gay gắt&nbsp; v&ugrave;ng nhiệt đới, nước cốt dừa gi&uacute;p cung cấp độ ẩm tự nhi&ecirc;n cho t&oacute;c.</p>\r\n<p>Những nguy&ecirc;n liệu tự nhi&ecirc;n l&agrave; người bạn đồng h&agrave;nh tuyệt vời nhất của c&aacute;c kiểu t&oacute;c đẹp. H&atilde;y thử những phương ph&aacute;p tr&ecirc;n v&agrave; cảm nhận sự thay đổi đ&aacute;ng ngạc nhi&ecirc;n của m&aacute;i t&oacute;c nh&eacute;!</p>'),
(7, 3, 'Diện ngay những kiểu tóc đẹp này vừa bảnh trai lại nhận lì xì mỏi tay', 'Tết Kỷ Hợi đang đến rất gần, các anh em lại thêm một tuổi mới. Các phong bao lì xì ngày càng xa tầm tay. Phải làm sao đây? Đừng lo, hãy “ăn gian” độ tuổi của bạn bằng cách thay đổi kiểu tóc. Hữu hiệu lắm đấy.\r\n\r\nTết cũng là thời điểm các anh em lột xác để đón Tết. Những bộ đồ mới, những đôi giày mới đã được sắm sửa từ giờ.Vậy tại sao không nhân cơ hội này khiến cho diện mạo của mình trẻ trung hơn để có thêm cơ hội nhận thêm tiền lì xì? Vừa đẹp trai, vừa trẻ ra, vừa có tiền mừng tuổi. Đúng là một công nhiều việc!\r\n\r\nĐiểm danh ngay những kiểu tóc nam nhận mừng tuổi mỏi tay.', 'images/article/7/explore.jpg', 'kieu toc, kieu toc dep', '<h2>Diện ngay những kiểu t&oacute;c đẹp n&agrave;y vừa bảnh trai lại nhận l&igrave; x&igrave; mỏi tay</h2>\r\n<p>C&aacute;c anh em đ&atilde; lớn nhưng vẫn muốn nhận l&igrave; x&igrave; Tết n&agrave;y? Diện ngay những kiểu t&oacute;c đẹp sau vừa s&agrave;nh điệu, vừa lấy l&ograve;ng phụ huynh, nhận l&igrave; x&igrave; mỏi tay.</p>\r\n<p><img class=\"img-middlesquare\" src=\"https://blog.30shine.com/wp-content/uploads/2018/12/kieu-toc-dep-nhan-li-xi-cover.jpg\" alt=\"\" width=\"665\" height=\"443\" /></p>\r\n<p>Tết Kỷ Hợi đang đến rất gần, c&aacute;c anh em lại th&ecirc;m một tuổi mới. C&aacute;c phong bao l&igrave; x&igrave; ng&agrave;y c&agrave;ng xa tầm tay. Phải l&agrave;m sao đ&acirc;y? Đừng lo, h&atilde;y &ldquo;ăn gian&rdquo; độ tuổi của bạn bằng c&aacute;ch thay đổi kiểu t&oacute;c. Hữu hiệu lắm đấy.</p>\r\n<p>Tết cũng l&agrave; thời điểm c&aacute;c anh em lột x&aacute;c để đ&oacute;n Tết. Những bộ đồ mới, những đ&ocirc;i gi&agrave;y mới đ&atilde; được sắm sửa từ giờ.Vậy tại sao kh&ocirc;ng nh&acirc;n cơ hội n&agrave;y khiến cho diện mạo của m&igrave;nh trẻ trung hơn để c&oacute; th&ecirc;m cơ hội nhận th&ecirc;m tiền l&igrave; x&igrave;? Vừa đẹp trai, vừa trẻ ra, vừa c&oacute; tiền mừng tuổi. Đ&uacute;ng l&agrave; một c&ocirc;ng nhiều việc!</p>\r\n<p>Điểm danh ngay những kiểu t&oacute;c nam nhận mừng tuổi mỏi tay.</p>\r\n<h4>1.Layer</h4>\r\n<p><img class=\"img-fullwidth\" src=\"https://blog.30shine.com/wp-content/uploads/2018/12/kieu-toc-dep-nhan-li-xi-layer.jpg\" alt=\"\" width=\"1280\" height=\"720\" /></p>\r\n<p>Layer lu&ocirc;n được mệnh danh l&agrave; kiểu t&oacute;c của tuổi trẻ. V&igrave; sao lại vậy? Bởi n&oacute; khiến cho người sở hữu tr&ocirc;ng trẻ ra rất nhiều. Phần t&oacute;c m&aacute;i vuốt rủ xuống tr&aacute;n l&agrave;m cho khu&ocirc;n mặt trẻ trung, năng động hơn. Thậm ch&iacute; nếu bạn cắt phần ngọn t&oacute;c theo kiểu m&aacute;i bằng th&igrave; bạn c&ograve;n tr&ocirc;ng kh&aacute; &ldquo;ng&acirc;y thơ&rdquo; nữa đấy. C&ograve;n nếu m&agrave; để m&aacute;i xoăn, bạn c&agrave;ng trở n&ecirc;n s&agrave;nh điệu hơn. Nhưng kh&ocirc;ng c&oacute; nghĩa l&agrave; bạn kh&ocirc;ng c&ograve;n &ldquo;ng&acirc;y ng&ocirc;&rdquo; nữa. Bởi t&oacute;c xoăn c&ograve;n khiến cho khu&ocirc;n mặt bạn &ldquo;dễ thương&rdquo; hơn rất nhiều. Để ho&agrave;n hảo hơn, bạn c&oacute; thể kết hợp với những trang phục trẻ trung, x&igrave; tin. V&agrave; đừng qu&ecirc;n phụ kiện l&agrave; cặp k&iacute;nh mắt tr&ograve;n nữa nh&eacute;!</p>\r\n<p>Bởi vậy m&agrave;&nbsp;kiểu t&oacute;c đẹp&nbsp;n&agrave;y xứng đ&aacute;ng đứng đầu danh s&aacute;ch ng&agrave;y h&ocirc;m nay. Chắc chắn khi diện kiểu t&oacute;c n&agrave;y c&aacute;c bạn sẽ &ldquo;ăn gian&rdquo; tuổi hiệu quả đấy. Chẳng ai nghĩ rằng bạn đ&atilde; l&agrave; một ch&agrave;ng thanh ni&ecirc;n &ldquo;đầu hai&rdquo; rồi đ&acirc;u! Cứ y&ecirc;n t&acirc;m m&agrave; nhận l&igrave; x&igrave; mỏi tay Tết n&agrave;y đi nh&eacute;!</p>\r\n<h4>2. Kiểu t&oacute;c đẹp Mohican</h4>\r\n<p><img class=\"img-fullwidth\" src=\"https://blog.30shine.com/wp-content/uploads/2018/12/kieu-toc-dep-nhan-li-xi-mohican.jpg\" alt=\"\" width=\"1280\" height=\"720\" /></p>\r\n<p>Nếu Layer gi&uacute;p bạn ghi điểm trong mắt người lớn bởi vẻ ngoan ngo&atilde;n th&igrave; Mohican lại ngược lại.&nbsp;Kiểu t&oacute;c đẹp&nbsp;n&agrave;y kh&ocirc;ng gi&uacute;p bạn c&oacute; h&igrave;nh ảnh &ldquo;trong s&aacute;ng&rdquo; trong mắt họ h&agrave;ng. Nhưng n&oacute; lại đem đến cho bạn vẻ trẻ trung, năng động v&agrave; c&oacute; phần tinh nghịch tuổi mới lớn. Chắc chắn rằng kh&ocirc;ng phụ huynh n&agrave;o từ chối mừng tuổi một cậu ch&agrave;ng đẹp trai, năng động đ&acirc;u!</p>\r\n<p>Đ&acirc;y cũng l&agrave; kiểu t&oacute;c hot trend l&agrave;m mưa l&agrave;m gi&oacute; suốt năm qua. Vậy n&ecirc;n đừng lo rằng khi diện n&oacute; bạn sẽ bị &ldquo;lỗi thời&rdquo; nh&eacute;. Kiểu t&oacute;c n&agrave;y s&agrave;nh điệu lắm đấy! Thoải m&aacute;i đi quẩy với bạn b&egrave; những ng&agrave;y đầu năm lu&ocirc;n nh&eacute;.</p>\r\n<h4>3.Comma Hair</h4>\r\n<p><img class=\"img-fullwidth\" src=\"https://blog.30shine.com/wp-content/uploads/2018/12/kieu-toc-dep-nhan-li-xi-comma.jpg\" alt=\"\" width=\"1280\" height=\"720\" /></p>\r\n<p>Comma Hair vốn l&agrave; kiểu t&oacute;c được phục hưng từ kiểu t&oacute;c cổ điển. V&agrave; n&oacute; mang tới một hơi hướng hơi xưa cũ. Vậy n&ecirc;n bạn thấy lạ khi&nbsp;kiểu t&oacute;c đẹp&nbsp;n&agrave;y xuất hiện trong danh s&aacute;ch ng&agrave;y h&ocirc;m nay? Đừng&nbsp; ngạc nhi&ecirc;n! Thực chất kiểu t&oacute;c n&agrave;y đ&atilde; được biến tấu đi rất nhiều so với trước kia. Phần m&aacute;i t&oacute;c được &aacute;p dụng nhiều kỹ thuật t&acirc;n tiến để trở n&ecirc;n hiện đại hơn. Do vậy, n&oacute; đem đến cho người sở hữu vẻ trẻ trung, năng động. N&oacute; gi&uacute;p gương mặt của bạn tr&ocirc;ng tr&ograve;n v&agrave; s&aacute;ng hơn. Do đ&oacute; gi&uacute;p bạn ăn gian độ tuổi hiệu quả.</p>\r\n<p>Đ&acirc;y cũng l&agrave; kiểu t&oacute;c rất high fashion. Bởi n&oacute; kết hợp nhiều yếu tố. Kiểu t&oacute;c đẹp n&agrave;y l&agrave; sự giao thoa ho&agrave;n hảo giữa cổ điển v&agrave; hiện đại. L&agrave; bản giao hưởng tuyệt vời giữa sự sang trọng v&agrave; trẻ trung. Vậy n&ecirc;n kh&ocirc;ng c&oacute; l&yacute; do g&igrave; m&agrave; kh&ocirc;ng chọn kiểu t&oacute;c n&agrave;y cho m&ugrave;a Tết đang đến gần.</p>'),
(8, 3, 'Uốn tóc – xu hướng khiến hàng ngàn chàng trai điên đảo dịp cuối năm', 'Uốn giúp cho mái tóc trở lên bồng bềnh, lãng tử. Bạn có muốn mình đẹp trai như những tài tử Hàn Quốc? Nếu muốn đẹp trai như họ thì 1 mái tóc uốn xoăn bồng bềnh là không thế thiếu.', 'images/article/8/explore.jpg', 'uon toc, xu huong', '<h2>Uốn t&oacute;c &ndash; xu hướng khiến h&agrave;ng ng&agrave;n ch&agrave;ng trai đi&ecirc;n đảo dịp cuối năm</h2>\r\n<p>Điều g&igrave; đ&atilde; khiến cho uốn t&oacute;c xoăn bồng bềnh l&atilde;ng tử trở th&agrave;nh xu hướng khiến h&agrave;ng ng&agrave;n ch&agrave;ng trai đi&ecirc;n đảo dịp cuối năm? B&iacute; mật giấu k&iacute;n sau đ&oacute; l&agrave; g&igrave;?</p>\r\n<p><img class=\"img-fullwidth\" src=\"https://blog.30shine.com/wp-content/uploads/2018/12/Kieu-toc-nam-hai-mai-han-quoc2.jpg\" alt=\"Uốn t&oacute;c &ndash; xu hướng khiến h&agrave;ng ng&agrave;n ch&agrave;ng trai đi&ecirc;n đảo dịp cuối năm\" width=\"650\" height=\"434\" /></p>\r\n<h4>1. Lợi &iacute;ch của việc uốn</h4>\r\n<p>Nhiều anh bạn lần đầu ti&ecirc;n đến 30Shine để trải nghiệm dịch vụ uốn nhưng vẫn c&ograve;n m&ocirc;ng lung về những lợi &iacute;ch m&agrave; uốn t&oacute;c mang lại. Biết được những điều đ&oacute;, 30Shine sẽ giải đ&aacute;p cho bạn những điều tuyệt vời m&agrave; uốn t&oacute;c mang lại.</p>\r\n<p>Uốn gi&uacute;p cho m&aacute;i t&oacute;c trở l&ecirc;n bồng bềnh, l&atilde;ng tử. Bạn c&oacute; muốn m&igrave;nh đẹp trai như những t&agrave;i tử H&agrave;n Quốc? Nếu muốn đẹp trai như họ th&igrave; 1 m&aacute;i t&oacute;c uốn xoăn bồng bềnh l&agrave; kh&ocirc;ng thế thiếu.</p>\r\n<p>Uốn gi&uacute;p t&oacute;c trở n&ecirc;n mềm mại, kh&ocirc;ng sơ rối. Những anh ch&agrave;ng n&agrave;o c&oacute; chất t&oacute;c cứng, kh&ocirc; v&agrave; hay rối th&igrave; nhất định phải thử 1 lần đi uốn. Đ&aacute;nh tan những nỗi lo về m&aacute;i t&oacute;c cứng, rối v&agrave; tạo cảm gi&aacute;c kh&oacute; chịu. M&aacute;i t&oacute;c uốn ch&iacute;nh l&agrave; sự lựa chọn ho&agrave;n hảo của bạn.</p>\r\n<p><img class=\"img-fullwidth\" src=\"https://blog.30shine.com/wp-content/uploads/2018/12/oktoc-nam-xoan-curly-quiff.png\" alt=\"\" width=\"800\" height=\"500\" /></p>\r\n<p>Ngo&agrave;i ra, bạn cũng sẽ chả cần bao giờ phải vuốt s&aacute;p với&nbsp;kiểu t&oacute;c uốn. Kh&ocirc;ng c&ograve;n những th&aacute;ng ng&agrave;y phải dậy sớm để chải chuốt c&aacute;c thứ. Cực nhanh v&agrave; gọn, bạn sẽ thoải m&aacute;i đi chơi cũng như đi học m&agrave; vẫn tự tin c&oacute; 1 kiểu t&oacute;c đẹp trai, l&atilde;ng tử.</p>\r\n<h4>2. Uốn t&oacute;c c&oacute; thể kết hợp với kiểu t&oacute;c n&agrave;o?</h4>\r\n<p>C&acirc;u hỏi thứ 2 m&agrave; kh&aacute; nhiều anh em thắc mắc đ&oacute; l&agrave; đầu uốn th&igrave; kết hợp với kiểu t&oacute;c n&agrave;o mới hợp? Để m&agrave; c&oacute; được 1 kiểu t&oacute;c uốn ho&agrave;n hảo th&igrave; anh em c&oacute; thể kết hợp với những kiểu t&oacute;c sau:</p>\r\n<h4>Kiểu t&oacute;c Side Part</h4>\r\n<p><img class=\"img-fullwidth\" src=\"https://blog.30shine.com/wp-content/uploads/2018/12/Screenshot-2018-12-02-16.20.46.png\" alt=\"\" width=\"1254\" height=\"676\" /></p>\r\n<p>Một kiểu t&oacute;c Side Part uốn xoăn bồng bềnh ch&iacute;nh l&agrave; h&igrave;nh ảnh đặc trưng của những nam thần tượng H&agrave;n Quốc. Độ nổi tiếng của kiểu t&oacute;c n&agrave;y đ&atilde; vượt qua bất k&igrave; 1 kiểu t&oacute;c n&agrave;o. V&agrave; n&oacute; đ&atilde; th&agrave;nh c&ocirc;ng trở th&agrave;nh 1 trong những kiểu t&oacute;c nam được ưa chuộng nhất tr&ecirc;n to&agrave;n thế giới.</p>\r\n<h4>Kiểu t&oacute;c Middle Part</h4>\r\n<p><img class=\"img-fullwidth\" src=\"https://blog.30shine.com/wp-content/uploads/2018/12/okkieu-toc-nam-han-quoc2-copy.png\" alt=\"\" width=\"800\" height=\"599\" /></p>\r\n<p>Anh em c&ugrave;ng cha kh&aacute;c mẹ với Side Part, Middle Part cũng g&acirc;y b&atilde;o kh&ocirc;ng k&eacute;m cạnh ch&uacute;t n&agrave;o. Kiểu t&oacute;c n&agrave;y đ&atilde; từng được gọi với c&aacute;i t&ecirc;n &ldquo;đầu bổ luống&rdquo; th&acirc;n quen 1 thời. Đến tận ng&agrave;y nay, Middle Part vẫn l&agrave; kiểu t&oacute;c mang n&eacute;t g&igrave; đ&oacute; thư sinh, l&atilde;ng tử v&agrave; l&agrave; kiểu t&oacute;c tr&iacute; mạng đối với ph&aacute;i đẹp.</p>\r\n<h4>Kiểu t&oacute;c Layer</h4>\r\n<p><img class=\"img-fullwidth\" src=\"https://blog.30shine.com/wp-content/uploads/2018/12/Nhuom-toc-nam-dep-cho-chang-da-ngam-di-choi-Tet-2019-30Shine3.jpg\" alt=\"\" width=\"640\" height=\"480\" /></p>\r\n<p>C&oacute; thế kh&ocirc;ng cạnh tranh mạnh mẽ như 2 đ&agrave;n anh Side Part v&agrave; Middle Part nhưng Layer uốn xoăn vẫn l&agrave; 1 trong những kiểu t&oacute;c ấn tượng của năm 2018. Với kiểu t&oacute;c Layer uốn xoăn bồng bềnh, bạn sẽ mang n&eacute;t g&igrave; đ&oacute; ng&acirc;y thơ v&agrave; c&oacute; ch&uacute;t ngốc nghếch. M&agrave; những anh ch&agrave;ng ng&acirc;y thơ th&igrave; lại rất dễ chiếm được thiện cảm từ c&aacute;c n&agrave;ng.</p>'),
(9, 3, 'Bắt trend tóc nam Hàn Quốc đón Tết Kỷ Hợi đẹp trai toả sáng', 'Bạn đã chán ngấy với mái tóc nam tính mạnh mẽ và muốn hoá Oppa xứ Kim Chi trong Tết này? Tại sao không thử ngay những kiểu tóc nam Hàn Quốc sau để đón Tết Kỷ hợi đẹp trai đầy lãng tử?', 'images/article/9/explore.jpg', 'han quoc, trend', '<h2>Bắt trend t&oacute;c nam H&agrave;n Quốc đ&oacute;n Tết Kỷ Hợi đẹp trai toả s&aacute;ng</h2>\r\n<p>Bạn đ&atilde; ch&aacute;n ngấy với m&aacute;i t&oacute;c nam t&iacute;nh mạnh mẽ v&agrave; muốn ho&aacute; Oppa xứ Kim Chi trong Tết n&agrave;y? Tại sao kh&ocirc;ng thử ngay những kiểu t&oacute;c nam H&agrave;n Quốc sau để đ&oacute;n Tết Kỷ hợi đẹp trai đầy l&atilde;ng tử?</p>\r\n<p><img class=\"img-fullwidth\" src=\"https://blog.30shine.com/wp-content/uploads/2018/12/kieu-toc-nam-hai-mai-don-tet8.jpeg\" alt=\"\" width=\"600\" height=\"500\" /></p>\r\n<p>Tuy ki&ecirc;̉u&nbsp;tóc nam Hàn Qu&ocirc;́c&nbsp;đ&ocirc;̣c đáo và h&acirc;́p d&acirc;̃n nhưng lại khá là &ldquo;kén chọn&rdquo; khu&ocirc;n mặt. Nhưng may mắn thay cùng là người Ch&acirc;u Á n&ecirc;n các chàng trai Vi&ecirc;̣t lại có lợi th&ecirc;́ đ&ecirc;̉ bắt chước. Bởi vóc dáng và khu&ocirc;n mặt có đ&ocirc;̣ tương đ&ocirc;̀ng với c&aacute;c Oppa. Hơn nữa, nam nay ch&iacute;nh l&agrave; năm l&ecirc;n ng&ocirc;i của t&oacute;c nam H&agrave;n Quốc. Vậy chẳng c&ograve;n l&yacute; do g&igrave; m&agrave; Tết n&agrave;y kh&ocirc;ng &ldquo;sắm&rdquo; ngay cho m&igrave;nh style t&oacute;c H&agrave;n Quốc để l&agrave;m mới bản th&acirc;n.</p>\r\n<h4>Ki&ecirc;̉u tóc nam Hàn Qu&ocirc;́c layer gi&ocirc;́ng Lee-min-ho</h4>\r\n<p><img class=\"img-fullwidth\" src=\"https://blog.30shine.com/wp-content/uploads/2018/12/kieu-layer.jpg\" alt=\"\" width=\"500\" height=\"500\" /></p>\r\n<p>Với ki&ecirc;̉u tóc nam này các chàng trai kh&ocirc;ng phải t&ocirc;́n khá nhi&ecirc;̀u thời gian đ&ecirc;̉ chăm sóc. Bởi ki&ecirc;̉u tóc này r&acirc;́t d&ecirc;̃ dàng vào n&ecirc;́p. Lee-min-ho lựa chọn ki&ecirc;̉u layer tr&ecirc;n và k&ecirc;́t hợp với mái dài &ocirc;m h&ecirc;́t v&acirc;̀ng trán. Lee-min-ho có khu&ocirc;n mặt dài n&ecirc;n sự k&ecirc;́t hợp như v&acirc;̣y là quá hoàn hảo. Những lớp tóc đan xen vào và che khu&acirc;́t v&acirc;̀ng trái giúp khu&ocirc;n mặt tr&ocirc;ng tròn trịa hơn. Tóc tỉa ki&ecirc;̉u layer mang đ&ecirc;́n cho anh &acirc;́y m&ocirc;̣t vẻ ngoài thư sinh và r&acirc;́t đáng y&ecirc;u. N&ecirc;́u bạn sở hữu gương mặt dài thì hãy học theo anh &acirc;́y nhé. Đừng qu&ecirc;n lựa chọn màu tóc y&ecirc;u thích đ&ecirc;̉ k&ecirc;́t hợp thật ho&agrave;n hảo.</p>\r\n<p>Tết n&agrave;y, đảm bảo c&aacute;c phụ huynh sẽ rất h&agrave;i l&ograve;ng với bạn. V&igrave; kiểu t&oacute;c n&agrave;y khiến bạn tr&ocirc;ng v&ocirc; c&ugrave;ng ngoan hiền, &ldquo;hợp mắt&rdquo;. Nhưng kh&ocirc;ng c&oacute; nghĩa đ&acirc;y l&agrave; kiểu t&oacute;c tẻ nhạt. N&oacute; rất thời trang đấy. Bạn cứ thử nh&igrave;n h&igrave;nh ảnh của Lee-min-ho m&agrave; xem!</p>\r\n<h4>Ki&ecirc;̉u tóc nam đẹp l&acirc;́y cảm hứng từ Harry Potter</h4>\r\n<p><img class=\"img-fullwidth\" src=\"https://blog.30shine.com/wp-content/uploads/2018/12/Harry-Potter.jpg\" alt=\"\" width=\"500\" height=\"500\" /></p>\r\n<p>Hình tượng Harry Potter quá đ&ocirc;̃i quen thu&ocirc;̣c với chúng ta. Với cặp kính tròn và ki&ecirc;̉u tóc textured đã tạo n&ecirc;n hình tượng này. M&ocirc;̣t hình tượng tr&ocirc;ng r&acirc;́t thư sinh nhưng cũng vẫn s&agrave;nh điệu. Ki&ecirc;̉u&nbsp;tóc nam Hàn Qu&ocirc;́cnày phù hợp với những chàng trai có khu&ocirc;n mặt tam giác. Bởi ph&acirc;̀n mái dài và hơi l&ocirc;̣n x&ocirc;̣n sẽ gi&uacute;p phần g&ograve; m&aacute; hơi cao của bạn kh&ocirc;ng bị ch&uacute; &yacute; nữa. N&oacute; đem đến sự c&acirc;n bằng cho tổng thể khu&ocirc;n mặt.</p>\r\n<p>Cũng giống như kiểu t&oacute;c của Lee-min-ho, kiểu t&oacute;c n&agrave;y đem đến vẻ ngoan ngo&atilde;n. Do đ&oacute; chắc chắn bạn sẽ ghi điểm trong mắt phụ huynh. Hơn nữa khi kết hợp với k&iacute;nh tr&ograve;n Harry Potter, chắc chắn bạn sẽ khiến cho đ&aacute;m bạn cũ phải trầm trồ v&igrave; &ldquo;trẻ m&atilde;i kh&ocirc;ng gi&agrave;&rdquo; trong buổi họp lớp đầu năm đấy.</p>\r\n<h4>Ki&ecirc;̉u tóc nam Hàn Qu&ocirc;́c Spiky</h4>\r\n<p><img class=\"img-fullwidth\" src=\"https://blog.30shine.com/wp-content/uploads/2018/12/Spiky-Top.jpg\" alt=\"\" width=\"500\" height=\"500\" /></p>\r\n<p>Spiky là m&acirc;̃u tóc nam v&ocirc; cùng quy&ecirc;́n rũ. Kiểu t&oacute;c này đặc bi&ecirc;̣t phù hợp với những chàng trai mặt vu&ocirc;ng. Bởi nó sẽ giúp khu&ocirc;n mặt chàng trai dài hơn và bớt góc cạnh hơn. Trong dịp Tết n&agrave;y, khi người người đi theo xu hướng t&oacute;c gọn g&agrave;ng th&igrave; Spiky chắc chắn sẽ tạo ra l&agrave;n gi&oacute; mới. N&oacute; gi&uacute;p bạn tr&ocirc;ng ph&oacute;ng kho&aacute;ng v&agrave; đầy phong c&aacute;ch.</p>\r\n<h4>Ki&ecirc;̉u Quiff theo phong cách Hàn</h4>\r\n<p><img class=\"img-fullwidth\" src=\"https://blog.30shine.com/wp-content/uploads/2018/12/toc-quiff.jpg\" alt=\"\" width=\"500\" height=\"500\" /></p>\r\n<p>Quiff là ki&ecirc;̉u tóc nam trường t&ocirc;̀n theo thời gian. Ki&ecirc;̉u tóc nam này phù hợp với mọi khu&ocirc;n mặt và mọi tình hu&ocirc;́ng. Quiff theo phong cách Hàn tr&ocirc;ng giản dị và đơn đi&ecirc;̣u hơn Quiff c&ocirc;̉ đi&ecirc;̉n. Với ki&ecirc;̉u đ&acirc;̀u này bạn có th&ecirc;̉ lựa chọn phong cách lịch lãm quy&ecirc;́n rũ khi k&ecirc;́t hợp với b&ocirc;̣ Suit và cà vạt. Hoặc m&ocirc;̣t phong cách năng đ&ocirc;̣ng với áo khoác da và qu&acirc;̀n jean. Chỉ cần vậy th&ocirc;i l&agrave; đ&atilde; thoải m&aacute;i đ&oacute;n Tết Kỷ hợi rồi. Một kiểu t&oacute;c thật đa năng đ&uacute;ng kh&ocirc;ng?</p>'),
(10, 1, 'Hướng dẫn và kinh nghiệm để kiêu tóc MAN BUN nam đẹp đúng chất', 'Kiểu tóc nam Man Bun đang là xu hướng cực hot trong thời gian gần đây. Nó thật sự là kiểu tóc dành riêng cho những chàng trai yêu thích sự khác biệt, xây dựng hình ảnh cực chất nhưng rất lãng tử, phong trần, bụi bặm. Bạn đã thật sự hiểu rõ về kiểu tóc “nổi đình nổi đám này” cũng như đã có kinh nghiệm để kiểu tóc Man Bun đẹp đúng chất? Mời bạn tìm lời giải đáp ngay dưới bài viết:', 'images/article/10/explore.jpg', 'man bun, kinh nghiem', '<h2>Hướng dẫn v&agrave; kinh nghiệm để ki&ecirc;u t&oacute;c MAN BUN nam đẹp đ&uacute;ng chất</h2>\r\n<p>Kiểu t&oacute;c nam Man Bun đang l&agrave; xu hướng cực hot trong thời gian gần đ&acirc;y. N&oacute; thật sự l&agrave; kiểu t&oacute;c d&agrave;nh ri&ecirc;ng cho những ch&agrave;ng trai y&ecirc;u th&iacute;ch sự kh&aacute;c biệt, x&acirc;y dựng h&igrave;nh ảnh cực chất nhưng rất l&atilde;ng tử, phong trần, bụi bặm. Bạn đ&atilde; thật sự hiểu r&otilde; về kiểu t&oacute;c &ldquo;nổi đ&igrave;nh nổi đ&aacute;m n&agrave;y&rdquo; cũng như đ&atilde; c&oacute; kinh nghiệm để kiểu t&oacute;c Man Bun đẹp đ&uacute;ng chất? Mời bạn t&igrave;m lời giải đ&aacute;p ngay dưới b&agrave;i viết:</p>\r\n<h4>1. Man Bun ho&agrave;n to&agrave;n kh&ocirc;ng phải kiểu t&oacute;c &ldquo;đ&agrave;n b&agrave;&rdquo;</h4>\r\n<p>Man Bun l&agrave; kiểu t&oacute;c d&agrave;i với phần t&oacute;c xung quanh đầu d&agrave;i bằng nhau, được buộc b&uacute;i ở ph&iacute;a sau hoặc tr&ecirc;n đỉnh đầu, để cho phần g&aacute;y được tho&aacute;ng.</p>\r\n<p><img class=\"img-fullwidth\" src=\"https://liembarbershop.com/vn/wp-content/uploads/2018/02/kinh-nghiem-de-toc-man-bun.jpg\" alt=\"\" width=\"640\" height=\"640\" /></p>\r\n<p>Độ d&agrave;i của t&oacute;c để buộc được l&agrave; từ 20-25 cm. Kh&aacute;c với kiểu t&oacute;c Undercut, Pompadour hay Side Part bạn chỉ cần 1-2 th&aacute;ng l&agrave; c&oacute; thể c&oacute; được th&igrave; kiểu t&oacute;c Man Bun đ&ograve;i hỏi sự ki&ecirc;n tr&igrave;, cần 8 th&aacute;ng đến hơn 1 năm mới c&oacute; thể &ldquo;đủ t&oacute;c&rdquo; để tạo kiểu.</p>\r\n<p>Tr&ecirc;n thực tế, kiểu t&oacute;c Man Bun được nhiều người đ&aacute;nh gi&aacute; l&agrave; &ldquo;đ&agrave;n b&agrave;&rdquo; tuy nhi&ecirc;n điều n&agrave;y l&agrave; ho&agrave;n to&agrave;n sai lầm v&igrave; đ&acirc;y thật sự l&agrave; một kiểu t&oacute;c lột tả được vẻ đẹp bụi bặm, phong trần. Sở hữu kiểu t&oacute;c Man Bun sẽ khiến bạn bộc lộ được vẻ đẹp nam t&iacute;nh v&agrave; c&oacute; phần mạnh mẽ hơn c&aacute;c kiểu t&oacute;c kh&aacute;c. Đ&acirc;y quả thật l&agrave; một kiểu t&oacute;c cực độc, lạ v&agrave; chuẩn men.</p>\r\n<p><img class=\"img-fullwidth\" src=\"https://liembarbershop.com/vn/wp-content/uploads/2018/02/kinh-nghiem-de-toc-man-bun2.jpg\" alt=\"\" width=\"640\" height=\"640\" /></p>\r\n<p>Kiểu t&oacute;c Man Bun rất ph&ugrave; hợp hơn cho những bạn c&oacute; bộ r&acirc;u quai n&oacute;n, khi t&oacute;c b&uacute;i cao kết hợp với độ d&agrave;i của r&acirc;u vừa phải gi&uacute;p khu&ocirc;n mặt bạn c&oacute; độ c&acirc;n đối h&agrave;i h&ograve;a nhưng cũng v&ocirc; c&ugrave;ng nam t&iacute;nh v&agrave; mạnh mẽ. Điểm th&ecirc;m những chi tiết nhỏ như chiếc khuy&ecirc;n tai m&agrave;u đen v&agrave; một chiếc &aacute;o ph&ocirc;ng đen chắc chắn bạn sẽ thu h&uacute;t được rất nhiều &aacute;nh nh&igrave;n đ&oacute;.</p>\r\n<p><img class=\"img-fullwidth\" src=\"https://liembarbershop.com/vn/wp-content/uploads/2018/02/kinh-nghiem-de-toc-man-bun-3-800x576.jpg\" alt=\"\" width=\"800\" height=\"576\" /></p>\r\n<p>Đ&acirc;y l&agrave; kiểu t&oacute;c được rất nhiều diễn vi&ecirc;n nổi tiếng h&agrave;ng đầu Hollywood như Jared Leto, Bradley Cooper lựa chọn l&agrave;m mới bản th&acirc;n. Nếu như bạn đang t&igrave;m kiếm một kiểu t&oacute;c c&aacute; t&iacute;nh, kh&aacute;c lạ th&igrave; Man Bun l&agrave; lựa chọn ho&agrave;n hảo cho bạn.</p>\r\n<p>Tuy nhi&ecirc;n nếu để kiểu t&oacute;c Man Bun nam v&agrave;o m&ugrave;a h&egrave; bạn sẽ cảm thấy kh&aacute; kh&oacute; chịu. Nhưng ngược lại m&ugrave;a đ&ocirc;ng c&oacute; vẻ l&agrave; một lợi thế mang lại sự ấm &aacute;p. Nhưng trở ngại đ&oacute; sẽ kh&ocirc;ng qu&aacute; lớn khi bạn muốn lựa chọn kiểu t&oacute;c kh&aacute;c lạ để thay đổi bản th&acirc;n m&igrave;nh.</p>\r\n<h4>2. Hướng dẫn b&iacute; quyết để c&oacute; kiểu t&oacute;c Man Bun ho&agrave;n hảo</h4>\r\n<p>Bạn đang mong muốn sở hữu kiểu t&oacute;c Man Bun cực chất v&agrave; c&aacute; t&iacute;nh, để c&oacute; thể nu&ocirc;i th&agrave;nh c&ocirc;ng kiểu t&oacute;c n&agrave;y bạn cần:</p>\r\n<h4>Sự ki&ecirc;n tr&igrave;</h4>\r\n<p>Đ&acirc;y l&agrave; kiểu t&oacute;c c&oacute; độ d&agrave;i đảm bảo c&oacute; thể buộc được l&agrave; từ 20-25 cm. Do vậy, khi quyết định để kiểu t&oacute;c n&agrave;y, yếu tố quan trọng đầu ti&ecirc;n l&agrave; sự ki&ecirc;n tr&igrave;. Bạn cần nu&ocirc;i t&oacute;c từ 8 th&aacute;ng đến 1 năm, để đảm bảo m&aacute;i t&oacute;c c&oacute; thể d&agrave;i như &yacute; để tạo kiểu nh&eacute;.</p>\r\n<p><img class=\"img-fullwidth\" src=\"https://liembarbershop.com/vn/wp-content/uploads/2018/02/kinh-nghiem-de-toc-man-bun-4.jpg\" alt=\"\" width=\"620\" height=\"370\" /></p>\r\n<h4>Biết c&aacute;ch chăm s&oacute;c v&agrave; nu&ocirc;i t&oacute;c d&agrave;i</h4>\r\n<p>Để nu&ocirc;i được t&oacute;c d&agrave;i, nam giới cần biết &aacute;p dụng c&aacute;c liệu ph&aacute;p dưỡng t&oacute;c gi&uacute;p t&oacute;c d&agrave;i nhanh như: massage bằng dầu n&oacute;ng, gội đầu bằng giấm t&aacute;o, sử dụng dầu xả chuy&ecirc;n s&acirc;u, &hellip;</p>\r\n<p><img class=\"img-fullwidth\" src=\"https://liembarbershop.com/vn/wp-content/uploads/2018/02/kinh-nghiem-de-toc-man-bun-5.jpg\" alt=\"\" width=\"640\" height=\"465\" /></p>\r\n<p>B&ecirc;n cạnh đ&oacute; cần phải thay đổi lối sống, sinh hoạt v&agrave; chế độ dinh dưỡng để hỗ trợ cho việc t&oacute;c nhanh d&agrave;i hơn.</p>\r\n<p>&ndash; &nbsp;Biết c&aacute;ch gội đầu đ&uacute;ng c&aacute;ch v&agrave; chăm s&oacute;c t&oacute;c bằng dầu xả thường xuy&ecirc;n.</p>\r\n<p>&ndash;&nbsp; Bổ sung thực phẩm hỗ trợ k&iacute;ch th&iacute;ch mọc t&oacute;c.</p>\r\n<p>&ndash;&nbsp; Duy tr&igrave; sức khỏe tổng thể bằng c&oacute; th&oacute;i quen ăn uống, tập luyện l&agrave;nh mạnh, đồng thời t&igrave;m c&aacute;ch giảm căng thẳng khi c&oacute; thể.</p>\r\n<p>&ndash;&nbsp; Uống nhiều nước</p>\r\n<p>&ndash;&nbsp; &hellip;.</p>\r\n<h4>Cần c&oacute; c&aacute;c phụ kiện cho m&aacute;i t&oacute;c</h4>\r\n<p>Đơn giản th&ocirc;i, bạn chỉ cần c&oacute; c&aacute;c phụ kiện đi k&egrave;m như một chiếc d&acirc;y vải để buộc t&oacute;c l&ecirc;n cao tr&aacute;nh d&ugrave;ng d&acirc;y chun v&igrave; n&oacute; sẽ l&agrave;m t&oacute;c bạn bị g&atilde;y.</p>\r\n<p><img class=\"img-fullwidth\" src=\"https://liembarbershop.com/vn/wp-content/uploads/2018/02/kinh-nghiem-de-toc-man-bun-6.jpg\" alt=\"\" width=\"640\" height=\"640\" /></p>\r\n<p>B&ecirc;n cạnh đ&oacute; bạn cũng cần c&oacute; một&nbsp;chiếc lược răng thưa v&agrave; b&agrave;n chải bằng l&ocirc;ng thi&ecirc;n nhi&ecirc;n&nbsp;để c&oacute; thể tạo độ mượt cho m&aacute;i t&oacute;c.</p>\r\n<p>Cần th&ecirc;m một ch&uacute;t&nbsp;s&aacute;p vuốt t&oacute;c&nbsp;hay&nbsp;pomade&nbsp;gi&uacute;p m&aacute;i t&oacute;c c&oacute; độ b&oacute;ng sẽ đem lại sự sang trọng.</p>\r\n<p>Việc lựa chọn những sản phẩm tạo kiểu cho m&aacute;i t&oacute;c cũng kh&aacute; quan trọng, bạn n&ecirc;n chọn những loại c&oacute; độ giữ nếp trung b&igrave;nh v&agrave; độ b&oacute;ng cao một ch&uacute;t sẽ l&agrave;m cho m&aacute;i t&oacute;c Man Bun của bạn trở n&ecirc;n đẹp hơn.</p>\r\n<p><img class=\"img-fullwidth\" src=\"https://liembarbershop.com/vn/wp-content/uploads/2018/02/kinh-nghiem-de-toc-man-bun-7.jpg\" alt=\"\" width=\"640\" height=\"640\" /></p>\r\n<p>Th&ecirc;m nữa việc lựa chọn&nbsp;dầu gội v&agrave;&nbsp;dầu xả&nbsp;cũng kh&aacute; quan trọng, h&atilde;y chọn loại dầu xả v&agrave; gội c&oacute; độ mượt cao v&agrave; dưỡng t&oacute;c tốt, trước khi gội xả h&atilde;y chả để t&oacute;c kh&ocirc;ng bị rối.</p>\r\n<p>Tr&ecirc;n đ&acirc;y l&agrave; những kinh nghiệm tạo kiểu t&oacute;c Man Bun hi vọng sẽ gi&uacute;p &iacute;ch cho bạn trong việc lựa chọn kiểu t&oacute;c nam đẹp nhất v&agrave; ph&ugrave; hợp với bản th&acirc;n m&igrave;nh nh&eacute;!</p>');
INSERT INTO `articles` (`article_id`, `article_category_id`, `article_title`, `article_description`, `article_image`, `article_keyword`, `article_content`) VALUES
(11, 1, 'Sáp vuốt tóc nam,POMADE, CLAY, WAX, GEL, MOUSSE là gì và cách sử dụng.', 'Chắc hẳn trong số chúng ta, ai cũng phải từng nghĩ đến rằng: làm sao để tìm được một sản phẩm tạo kiểu, giữ nếp phù hợp với mái tóc và kiểu tóc của mình?', 'images/article/11/explore.jpg', 'vuot toc, pomade, clay, wax, gel, mousse', '<h2>S&aacute;p vuốt t&oacute;c nam,POMADE, CLAY, WAX, GEL, MOUSSE l&agrave; g&igrave; v&agrave; c&aacute;ch sử dụng.</h2>\r\n<p>Chắc hẳn trong số ch&uacute;ng ta, ai cũng phải từng nghĩ đến rằng: l&agrave;m sao để t&igrave;m được một sản phẩm tạo kiểu, giữ nếp ph&ugrave; hợp với m&aacute;i t&oacute;c v&agrave; kiểu t&oacute;c của m&igrave;nh? Đối mặt với h&agrave;ng ng&agrave;n sản phẩm tạo kiểu t&oacute;c hiện nay như gel, mouse, clay hay pomade&hellip; khiến c&aacute;c ch&agrave;ng v&ocirc; c&ugrave;ng bối rối khi đưa ra lựa chọn? Đừng lo lắng, h&atilde;y tham khảo b&agrave;i viết dưới đ&acirc;y, sẽ rất c&oacute; &iacute;ch cho ch&agrave;ng n&agrave;o đang muốn mua cho m&igrave;nh một sản phẩm tạo kiểu t&oacute;c ph&ugrave; hợp.</p>\r\n<h4>Pomade</h4>\r\n<h4>Pomade l&agrave; g&igrave;?</h4>\r\n<p>Pomade sau khi b&ocirc;i l&ecirc;n t&oacute;c sẽ tạo độ b&oacute;ng, độ ẩm v&agrave; giữ nếp rất tốt cho t&oacute;c ngay lập tức. Kh&ocirc;ng l&agrave;m t&oacute;c bị kh&ocirc;, cứng v&agrave; dễ t&aacute;ch ra l&agrave; những điểm vượt trội của Pomade. Pomade c&oacute; 2 loại ch&iacute;nh l&agrave; gốc nước v&agrave; gốc dầu.</p>\r\n<p><img class=\"img-fullwidth\" src=\"https://liembarbershop.com/vn/wp-content/uploads/2018/02/2-6-734x853.jpg\" alt=\"\" width=\"734\" height=\"853\" /></p>\r\n<h4>Pomade gốc nước</h4>\r\n<p>Pomade gốc nước dễ d&agrave;ng tan khi xoa v&agrave;o tay, người d&ugrave;ng c&oacute; thể vuốt pomade l&ecirc;n t&oacute;c đều và dễ tạo kiểu.</p>\r\n<p><img class=\"img-fullwidth\" src=\"https://liembarbershop.com/vn/wp-content/uploads/2018/02/3-6-734x895.jpg\" alt=\"\" width=\"734\" height=\"895\" /></p>\r\n<h4>Pomade gốc dầu</h4>\r\n<p>Ngược lại với pomade gốc nước, pomade gốc dầu với thành ph&acirc;̀n từ mỡ c&oacute; ưu điểm l&agrave; b&aacute;m t&oacute;c v&agrave; giữ nếp rất l&acirc;u nhưng lại kh&oacute; gội sạch.</p>\r\n<p><img class=\"img-fullwidth\" src=\"https://liembarbershop.com/vn/wp-content/uploads/2018/02/4-5-734x899.jpg\" alt=\"\" width=\"734\" height=\"899\" /></p>\r\n<h4>C&aacute;ch sử dụng</h4>\r\n<p>Pomade d&ugrave;ng khi t&oacute;c vẫn c&ograve;n ẩm hoặc được sấy kh&ocirc; khoảng 50%. C&aacute;c bạn c&oacute; m&aacute;i t&oacute;c dầu n&ecirc;n tr&aacute;nh sử dụng Pomade v&igrave; n&oacute; sẽ g&acirc;y cảm gi&aacute;c bết t&oacute;c.</p>\r\n<h4>Clay</h4>\r\n<h4>Clay l&agrave; g&igrave;?</h4>\r\n<p>Đ&acirc;y sản phẩm dễ bị nhầm lẫn với wax nhất bởi t&iacute;nh chất của n&oacute;. Nhưng Clay thường nặng hơn wax v&agrave; độ giữ nếp thường mạnh hơn wax nhưng cũng t&ugrave;y một số d&ograve;ng c&oacute; thể nhẹ hơn cả wax. Dễ nhận thấy nhất trong Clay l&agrave; th&agrave;nh phần c&oacute; chứa đất s&eacute;t gi&uacute;p tạo độ kh&ocirc; đồng nghĩa với việc kh&oacute; thoa hơn ra l&ograve;ng b&agrave;n tay. Clay rất th&iacute;ch hợp cho chất t&oacute;c d&agrave;y cứng, rễ tre ngắn hoặc d&agrave;i trung b&igrave;nh.</p>\r\n<p><img class=\"img-fullwidth\" src=\"https://liembarbershop.com/vn/wp-content/uploads/2018/02/5-5-734x551.jpg\" alt=\"\" width=\"734\" height=\"551\" /></p>\r\n<h4>C&aacute;ch sử dụng</h4>\r\n<p>Trước khi d&ugrave;ng Clay, c&aacute;c bạn h&atilde;y nhớ gội đầu sạch sẽ v&agrave; lau kh&ocirc;. Sau đ&oacute; h&atilde;y xoa đều Clay v&agrave;o c&aacute;c ng&oacute;n tay v&agrave; vuốt l&ecirc;n t&oacute;c. Nếu thấy t&oacute;c hơi kh&ocirc;, bạn c&oacute; thể th&ecirc;m ch&uacute;t nước khi vuốt. Sau đ&oacute; d&ugrave;ng lược chải nhẹ phần t&oacute;c kh&ocirc;ng s&aacute;t da đầu để t&oacute;c v&agrave;o nếp tốt hơn.</p>\r\n<p><img class=\"img-fullwidth\" src=\"https://liembarbershop.com/vn/wp-content/uploads/2018/02/6-6-734x551.jpg\" alt=\"\" width=\"734\" height=\"551\" /></p>\r\n<h4>Wax</h4>\r\n<h4>Wax l&agrave; g&igrave;?</h4>\r\n<p>Wax hay c&ograve;n gọi l&agrave; s&aacute;p vu&ocirc;́t tóc l&agrave; &ldquo;cạ cứng&rdquo; với nhiều kiểu t&oacute;c và chất t&oacute;c khác nhau, l&agrave; sản phẩm linh hoạt v&agrave; biến ho&aacute; nhất. Wax cung cấp đ&ocirc;̣ bóng kh&aacute; tốt (&iacute;t hơn gel) v&agrave; giữ nếp ở mức độ trung b&igrave;nh. N&ecirc;́u phải đ&ocirc;̣i mũ bảo hi&ecirc;̉m sau khi sử dụng wax thì khi bỏ mũ bảo hiểm ra, c&aacute;c bạn v&acirc;̃n c&oacute; thể dễ d&agrave;ng vuốt t&oacute;c, tạo ki&ecirc;̉u lại, đặc biệt l&agrave; kh&ocirc;ng bị bết t&oacute;c.</p>\r\n<p><img class=\"img-fullwidth\" src=\"https://liembarbershop.com/vn/wp-content/uploads/2018/02/7-5-734x551.jpg\" alt=\"\" width=\"734\" height=\"551\" /></p>\r\n<h4>C&aacute;ch sử dụng</h4>\r\n<p>C&aacute;c bạn n&ecirc;n sử dụng Wax khi t&oacute;c ẩm hoặc kh&ocirc; nh&eacute;. H&atilde;y xoa đều Wax l&ecirc;n khắp l&ograve;ng b&agrave;n tay, sau đ&oacute; vuốt v&agrave;o t&oacute;c theo nếp như &yacute; muốn. Kh&ocirc;ng khuyến kh&iacute;ch bạn sử dụng khi t&oacute;c chưa được gội sạch đ&acirc;u nh&eacute;!</p>\r\n<p><img class=\"img-fullwidth\" src=\"https://liembarbershop.com/vn/wp-content/uploads/2018/02/8-5-734x587.jpg\" alt=\"\" width=\"734\" height=\"587\" /></p>\r\n<h4>Gel</h4>\r\n<h4>Gel l&agrave; g&igrave;?</h4>\r\n<p>Gel vu&ocirc;́t tóc l&agrave; sản phẩm truyền thống v&agrave; đ&agrave;n &ocirc;ng ai cũng biết &iacute;t nhiều về n&oacute;. Thịnh hành từ th&acirc;̣p ni&ecirc;n 90, gel l&agrave; loại sản phẩm c&oacute; khả năng giữ nếp chắc nhất, đồng thời cứng v&agrave; giữ b&oacute;ng l&acirc;u nhất. Đ&oacute; cũng là m&ocirc;̣t khuy&ecirc;́t đi&ecirc;̉m của gel vì khi kh&ocirc; r&ocirc;̀i thì bạn kh&ocirc;ng th&ecirc;̉ dùng tay chỉnh sửa ki&ecirc;̉u tóc như với wax hay pomade được.</p>\r\n<p><img class=\"img-fullwidth\" src=\"https://liembarbershop.com/vn/wp-content/uploads/2018/02/9-6-734x560.jpg\" alt=\"\" width=\"734\" height=\"560\" /></p>\r\n<p>Gel có dạng gần giống mousse, tuy nhi&ecirc;n d&ugrave;ng gel qu&aacute; nhiều sẽ khiến t&oacute;c bị d&iacute;nh v&agrave; ướt.</p>\r\n<h4>C&aacute;ch sử dụng</h4>\r\n<p>Gel thường được c&aacute;c ch&agrave;ng trai sử dụng khi mái t&oacute;c qu&aacute; cứng đ&acirc;̀u kh&ocirc;ng chịu nghe lời. C&aacute;c bạn chỉ cần xoa đều lượng Gel vừa đủ l&ecirc;n th&acirc;n c&aacute;c ng&oacute;n tay sau đ&oacute; luồn v&agrave;o t&oacute;c theo c&aacute;c nếp như &yacute; muốn để c&oacute; một kiểu t&oacute;c như &yacute;.</p>\r\n<p><img class=\"img-fullwidth\" src=\"https://liembarbershop.com/vn/wp-content/uploads/2018/02/10-7-734x734.jpg\" alt=\"\" width=\"734\" height=\"734\" /></p>\r\n<h4>Mousse</h4>\r\n<h4>Mousse l&agrave; g&igrave;?</h4>\r\n<p>Mousse hay c&ograve;n gọi l&agrave; keo bọt, thường được sử dụng chủ yếu v&agrave;o mục đ&iacute;ch tạo độ phồng v&agrave; l&agrave;m cho m&aacute;i t&oacute;c trở n&ecirc;n d&agrave;y hơn. Khi sử dụng keo bọt, t&oacute;c của người d&ugrave;ng sẽ c&oacute; cảm gi&aacute;c trở n&ecirc;n d&agrave;y hơn, bồng bềnh hơn v&agrave; chắc khỏe hơn nhờ việc phủ một lớp b&ocirc;ng l&ecirc;n từng sợi t&oacute;c.</p>\r\n<p><img class=\"img-fullwidth\" src=\"https://liembarbershop.com/vn/wp-content/uploads/2018/02/11-5-734x899.jpg\" alt=\"\" width=\"734\" height=\"899\" /></p>\r\n<h4>C&aacute;ch sử dụng</h4>\r\n<p>C&aacute;c bạn h&atilde;y lắc đều b&igrave;nh, xịt một lượng vừa phải l&ecirc;n t&oacute;c ẩm hoặc kh&ocirc;, xoa đều l&ecirc;n to&agrave;n bộ phần t&oacute;c, sau đ&oacute; sấy lại đến khi t&oacute;c kh&ocirc;.&nbsp;Khi đưa l&ecirc;n t&oacute;c mousse sẽ tạo cảm gi&aacute;c hơi r&iacute;t, nhưng khi m&aacute;i t&oacute;c đ&atilde; được tạo kiểu xong, n&oacute; mang lại khả năng giữ nếp v&agrave; kiểm so&aacute;t m&aacute;i t&oacute;c v&ocirc; c&ugrave;ng tốt.</p>\r\n<p><img class=\"img-fullwidth\" src=\"https://liembarbershop.com/vn/wp-content/uploads/2018/02/12-5-734x734.jpg\" alt=\"\" width=\"734\" height=\"734\" /></p>\r\n<p>Hi vọng qua b&agrave;i viết n&agrave;y, c&aacute;c ch&agrave;ng sẽ t&igrave;m được cho m&igrave;nh một sản phẩm tạo kiểu t&oacute;c ph&ugrave; hợp nhất với bản th&acirc;n nh&eacute;!</p>'),
(12, 1, 'Học cách chăm sóc tóc cho chàng tóc xoăn luôn khỏe mạnh và \"vào nếp\"', 'Tóc không thể vào nếp là một hiện tượng phổ biến nhất của nam giới hiện nay. Đối với những chàng trai công sở cần một vẻ ngoài chỉn chu và gọn gàng, việc tóc không vào nếp thực sự trở thành một rắc rối lớn.Dưới đây là những biện pháp đơn giản và hiệu quả giúp các chàng khắc phục vấn đề đáng lo ngại này.', 'images/article/12/explore.jpg', 'toc xoan, cham soc toc', '<h2>Học c&aacute;ch chăm s&oacute;c t&oacute;c cho ch&agrave;ng t&oacute;c xoăn lu&ocirc;n khỏe mạnh v&agrave; \"v&agrave;o nếp\"</h2>\r\n<p>Tr&agrave;o lưu t&oacute;c xoăn đang được rất nhiều đấng m&agrave;y r&acirc;u y&ecirc;u th&iacute;ch v&agrave; lựa chọn. Việc sở hữu một m&aacute;i t&oacute;c xoăn kiểu bồng bềnh l&atilde;ng tử sẽ khiến bạn tự tin v&agrave; thu h&uacute;t hơn.</p>\r\n<p><img class=\"img-fullwidth\" src=\"https://liembarbershop.com/vn/wp-content/uploads/2017/12/cham-soc-toc-xoan-cho-nam-gioi-1.jpg\" alt=\"\" width=\"800\" height=\"600\" /></p>\r\n<p><img class=\"img-fullwidth\" src=\"https://liembarbershop.com/vn/wp-content/uploads/2017/12/toc-xoan.jpg\" alt=\"\" width=\"800\" height=\"600\" /></p>\r\n<p><img class=\"img-fullwidth\" src=\"https://liembarbershop.com/vn/wp-content/uploads/2018/01/toc-xoan-1-800x680.jpg\" alt=\"\" width=\"800\" height=\"488\" /></p>\r\n<p>Tuy nhi&ecirc;n t&oacute;c xoăn thường c&oacute; xu hướng dễ bị kh&ocirc;, g&atilde;y rụng v&agrave; kh&oacute; giữ nếp khi kh&ocirc;ng được chăm s&oacute;c đ&uacute;ng c&aacute;ch. Nếu một ng&agrave;y bạn muốn thay đổi kiểu t&oacute;c đơn giản, k&eacute;m thu h&uacute;t v&agrave; lựa chọn cho m&igrave;nh một kiểu t&oacute;c xoăn y&ecirc;u th&iacute;ch, th&igrave; chắc hẳn bạn cần phải trang bị một số c&aacute;ch chăm s&oacute;c t&oacute;c xoăn cho nam giới dưới đ&acirc;y để lu&ocirc;n c&oacute; m&aacute;i t&oacute;c đẹp, chuẩn phong c&aacute;ch v&agrave; c&aacute; t&iacute;nh.</p>\r\n<h4>Lựa chọn đ&uacute;ng dầu gội ph&ugrave; hợp với t&oacute;c xoăn</h4>\r\n<p>Sau khi uốn t&oacute;c, thuốc uốn khiến cho t&oacute;c trở n&ecirc;n kh&ocirc; v&agrave; rất xơ, do đ&oacute; bạn n&ecirc;n chọn loại dầu gội chứa nhiều chất dưỡng ẩm để gi&uacute;p c&acirc;n bằng độ ẩm tự nhi&ecirc;n cho t&oacute;c v&agrave; gi&uacute;p t&oacute;c giữ được nếp l&acirc;u hơn.</p>\r\n<p><img class=\"img-fullwidth\" src=\"https://liembarbershop.com/vn/wp-content/uploads/2017/12/dau-goi-toc-xoan-cho-nam-gioi.jpg\" alt=\"\" width=\"800\" height=\"527\" /></p>\r\n<h4>Biết c&aacute;ch gội đầu cho t&oacute;c xoăn &ndash; tr&aacute;nh bị x&ugrave; rối</h4>\r\n<p>khi gội đầu th&igrave; bạn kh&ocirc;ng n&ecirc;n v&ograve; rối t&oacute;c l&ecirc;n xuống v&igrave; sẽ g&acirc;y mất nếp nhanh ch&oacute;ng. Thay v&agrave;o đ&oacute;, h&atilde;y để v&ograve;i nước xả từ tr&ecirc;n cao xuống v&agrave; thực hiện massage t&oacute;c nhẹ nh&agrave;ng theo chiều từ tr&ecirc;n xuống để tr&aacute;nh t&oacute;c bị x&ugrave; rối. Ngo&agrave;i ra, việc gội đầu h&agrave;ng ng&agrave;y sẽ l&agrave;m mất đi lượng dầu tự nhi&ecirc;n của t&oacute;c, do đ&oacute; bạn chỉ n&ecirc;n gội c&aacute;ch 2-3 ng&agrave;y.</p>\r\n<p><img class=\"img-fullwidth\" src=\"https://liembarbershop.com/vn/wp-content/uploads/2017/12/cham-soc-toc-xoan-cho-nam-gioi-3.jpg\" alt=\"\" width=\"800\" height=\"445\" /></p>\r\n<h4>N&ecirc;n sử dụng dầu xả</h4>\r\n<p>Qu&aacute; tr&igrave;nh uốn t&oacute;c bằng h&oacute;a chất sẽ khiến t&oacute;c của bạn bị kh&ocirc;, v&igrave; vậy việc sử dụng dầu xả l&agrave; rất cần thiết. Khi d&ugrave;ng dầu xả, bạn chỉ n&ecirc;n thoa đều v&ugrave;ng th&acirc;n v&agrave; ngọn t&oacute;c, tuyệt đối kh&ocirc;ng để dầu xả d&iacute;nh v&agrave;o ch&acirc;n t&oacute;c g&acirc;y bết d&iacute;nh v&agrave; sinh g&agrave;u.</p>\r\n<p><img class=\"img-fullwidth\" src=\"https://liembarbershop.com/vn/wp-content/uploads/2017/12/cach-cham-soc-toc-xoan-cho-nam-gioi.jpg\" alt=\"\" width=\"800\" height=\"565\" /></p>\r\n<h4>Lau v&agrave; sấy kh&ocirc; t&oacute;c đ&uacute;ng c&aacute;ch</h4>\r\n<p>Sau khi gội đầu, kh&ocirc;ng n&ecirc;n v&ograve; hay xoa t&oacute;c v&igrave; sẽ dễ g&acirc;y rối v&agrave; kh&ocirc; t&oacute;c khiến t&oacute;c bị hư tổn, đặc biệt l&agrave; dễ bị mất nếp. C&aacute;ch tốt nhất l&agrave; d&ugrave;ng khăn thấm nhẹ nh&agrave;ng v&agrave; n&ecirc;n để cho t&oacute;c kh&ocirc; tự nhi&ecirc;n.</p>\r\n<p><img class=\"img-fullwidth\" src=\"https://liembarbershop.com/vn/wp-content/uploads/2017/12/cham-soc-toc-xoan-cho-nam-gioi-2.jpg\" alt=\"\" width=\"800\" height=\"527\" /></p>\r\n<p>Bạn càng đánh tơi lọn t&oacute;c xoăn trong lúc lau hay sấy kh&ocirc; c&agrave;ng khiến t&oacute;c bạn dễ bị x&ugrave; b&ocirc;ng. Có thế tạo kiểu bằng cách xoắn các lọn tóc xoăn quanh ngón tay theo chiều từ ngo&agrave;i v&agrave;o trong để l&agrave;m kh&ocirc; tự nhi&ecirc;n.</p>\r\n<p><img class=\"img-fullwidth\" src=\"https://liembarbershop.com/vn/wp-content/uploads/2017/12/cham-soc-toc-xoan-cho-nam-gioi.jpg\" alt=\"\" width=\"800\" height=\"527\" /></p>\r\n<p>Trong trường hợp sử dụng m&aacute;y sấy, bạn n&ecirc;n lưu &yacute; kh&ocirc;ng n&ecirc;n sấy t&oacute;c ở nhiệt độ cao m&agrave; chỉ n&ecirc;n chọn chế độ sấy lạnh. B&ecirc;n cạnh đ&oacute;, bạn cũng kh&ocirc;ng n&ecirc;n sấy cho đến khi t&oacute;c kh&ocirc; ho&agrave;n to&agrave;n m&agrave; n&ecirc;n để lại ch&uacute;t độ ẩm cho t&oacute;c (độ ẩm khoảng 30%).</p>\r\n<h4>C&aacute;ch giữ nếp t&oacute;c xoăn</h4>\r\n<p>Với t&oacute;c xoăn th&igrave; bạn cần một số sản phẩm chăm s&oacute;c v&agrave; tạo kiểu t&oacute;c ri&ecirc;ng. Ch&iacute;nh v&igrave; vậy, bạn h&atilde;y hỏi nh&acirc;n vi&ecirc;n tư vấn tại cửa h&agrave;ng khi mua sản phẩm tạo kiểu d&agrave;nh ri&ecirc;ng cho t&oacute;c xoăn như:</p>\r\n<p>- Kem tạo kiểu t&oacute;c: Xoa kem tạo kiểu t&oacute;c sẽ gi&uacute;p t&oacute;c bạn lu&ocirc;n v&agrave;o nếp xoăn bồng bềnh theo &yacute; muốn;</p>\r\n<p>- Huyết thanh tạo kiểu: Xoa v&agrave;i giọt huyết thanh tạo kiểu t&oacute;c l&agrave; c&aacute;ch dễ d&agrave;ng giải quyết c&aacute;c vấn đề đang xảy đến với phần t&oacute;c bị kh&ocirc; xơ của bạn;</p>\r\n<p>- Gel, s&aacute;p l&agrave;m thẳng t&oacute;c: Trong trường hợp bạn muốn l&agrave;m thẳng m&aacute;i t&oacute;c xoăn của m&igrave;nh. Bạn c&oacute; thể lựa chọn một số loại gel (s&aacute;p) l&agrave;m thẳng t&oacute;c. Thoa m&ocirc;̣t ph&acirc;̀n tư lượng gel (sáp) l&agrave;m thẳng l&ecirc;n mái tóc trước khi s&acirc;́y. N&ecirc;n lựa chọn loại gel dạng lỏng, sẽ mang lại một m&aacute;i t&oacute;c xoăn tự nhi&ecirc;n.</p>\r\n<p><img class=\"img-fullwidth\" src=\"https://liembarbershop.com/vn/wp-content/uploads/2017/12/cach-cham-soc-toc-xoan-cho-nam-gioi-2.jpg\" alt=\"\" width=\"800\" height=\"578\" /></p>\r\n<p>Tr&ecirc;n đ&acirc;y một số mẹo chăm s&oacute;c t&oacute;c đặc biệt d&agrave;nh ri&ecirc;ng cho c&aacute;c ch&agrave;ng t&oacute;c xoăn, hi vọng sẽ gi&uacute;p bạn kh&ocirc;ng c&ograve;n nỗi lo về m&aacute;i t&oacute;c bị kh&ocirc; v&agrave; hư tổn nữa. T&oacute;c xoăn đòi hỏi sự chăm sóc kỹ lưỡng hơn những loại tóc khác, tuy nhi&ecirc;n chắc chắn kết quả trả về sẽ lu&ocirc;n tương xứng với c&ocirc;ng sức v&agrave; c&aacute;c bạn bỏ ra. Ch&uacute;c c&aacute;c bạn lu&ocirc;n sở hữu một m&aacute;i t&oacute;c khỏe đẹp v&agrave; tự tin trong cuộc sống.</p>'),
(13, 1, '5 mẹo giúp khắc phục rắc rối khi tóc thường xuyên không vào nếp', 'Tóc không thể vào nếp là một hiện tượng phổ biến nhất của nam giới hiện nay. Đối với những chàng trai công sở cần một vẻ ngoài chỉn chu và gọn gàng, việc tóc không vào nếp thực sự trở thành một rắc rối lớn. ', 'images/article/13/explore.jpg', 'meo, khac phu, nep', '<h2>5 mẹo gi&uacute;p khắc phục rắc rối khi t&oacute;c thường xuy&ecirc;n kh&ocirc;ng v&agrave;o nếp</h2>\r\n<p>T&oacute;c kh&ocirc;ng thể v&agrave;o nếp l&agrave; một hiện tượng phổ biến nhất của nam giới hiện nay. Đối với những ch&agrave;ng trai c&ocirc;ng sở cần một vẻ ngo&agrave;i chỉn chu v&agrave; gọn g&agrave;ng, việc t&oacute;c kh&ocirc;ng v&agrave;o nếp thực sự trở th&agrave;nh một rắc rối lớn. Cho d&ugrave; bạn c&oacute; đang để một kiểu t&oacute;c thịnh h&agrave;nh v&agrave; thời trang nhất đi chăng nữa nhưng nếu m&aacute;i t&oacute;c m&atilde;i kh&ocirc;ng chịu v&agrave;o nếp th&igrave; bạn sẽ kh&oacute; c&oacute; thể tự tin với vẻ ngo&agrave;i của m&igrave;nh. Dưới đ&acirc;y l&agrave; những biện ph&aacute;p đơn giản v&agrave; hiệu quả gi&uacute;p c&aacute;c ch&agrave;ng khắc phục vấn đề đ&aacute;ng lo ngại n&agrave;y.</p>\r\n<p><img class=\"img-fullwidth\" src=\"https://liembarbershop.com/vn/wp-content/uploads/2017/12/toc-khong-vao-nep-800x600.jpg\" alt=\"\" width=\"800\" height=\"600\" /></p>\r\n<h4>Sử dụng chanh</h4>\r\n<p>Đ&acirc;y l&agrave; một mẹo khắc phục t&oacute;c kh&ocirc;ng v&agrave;o nếp một c&aacute;ch an to&agrave;n v&agrave; tự nhi&ecirc;n m&agrave; kh&ocirc;ng g&acirc;y bất k&igrave; một tổn hại n&agrave;o đến m&agrave;i t&oacute;c của c&aacute;c qu&yacute; &ocirc;ng. Đơn giản l&agrave; cắt một l&aacute;t chanh, để t&oacute;c hơi ẩm, sau đ&oacute; thoa đều chanh l&ecirc;n t&oacute;c v&agrave; để kh&ocirc;, bạn sẽ c&oacute; một m&aacute;i t&oacute;c giữ nếp như &yacute; muốn. Mỗi ng&agrave;y bạn chỉ cần sử dụng một lần l&agrave; đ&atilde; c&oacute; thể tự tin ra đường với một m&aacute;i t&oacute;c giữ nếp cả ng&agrave;y rồi.</p>\r\n<p><img class=\"img-fullwidth\" src=\"https://liembarbershop.com/vn/wp-content/uploads/2017/12/chanh.jpg\" alt=\"\" width=\"800\" height=\"600\" /></p>\r\n<p>C&ograve;n trong những trường hợp như t&oacute;c mất nếp sau khi ngủ trưa, bạn chỉ cần thoa ch&uacute;t nước lạnh v&agrave; lấy tay tạo lại nếp t&oacute;c, t&oacute;c sẽ trở lại nếp cũ như ban đầu.</p>\r\n<h4>Sử dụng dầu xả v&agrave; dầu dưỡng cho t&oacute;c</h4>\r\n<p>Một trong những nguy&ecirc;n nh&acirc;n khiến t&oacute;c kh&ocirc;ng v&agrave;o nếp l&agrave; do t&oacute;c bạn qu&aacute; yếu v&agrave; kh&ocirc; cứng. Do đ&oacute;, h&atilde;y t&igrave;m hiểu cho m&igrave;nh những c&aacute;ch chăm s&oacute;c t&oacute;c hiệu quả. V&iacute; dụ, khi gội đầu bạn n&ecirc;n chọn loại dầu gội d&agrave;nh ri&ecirc;ng cho t&oacute;c kh&ocirc;, cứng, xơ v&agrave; yếu.</p>\r\n<p><img class=\"img-fullwidth\" src=\"https://liembarbershop.com/vn/wp-content/uploads/2017/12/dau-xa-va-dau-duong.jpeg\" alt=\"\" width=\"800\" height=\"416\" /></p>\r\n<p>Sau đ&oacute;, đừng qu&ecirc;n sử dụng c&aacute;c loại dầu xả v&agrave; dầu dưỡng để bổ sung c&aacute;c dưỡng chất cần thiết cho t&oacute;c v&agrave; bảo vệ t&oacute;c chắc khỏe, mềm mượt v&agrave; &iacute;t rối. Điều n&agrave;y sẽ g&oacute;p phần v&agrave;o việc l&agrave;m cho t&oacute;c bạn dễ d&agrave;ng v&agrave;o nếp hơn đ&oacute;!</p>\r\n<h4>Sử dụng c&aacute;c sản phẩm tạo kiểu</h4>\r\n<p>C&aacute;ch đơn giản v&agrave; hiệu quả nhất để khắc phục t&igrave;nh trạng t&oacute;c thường xuy&ecirc;n kh&ocirc;ng thể v&agrave;o nếp đ&oacute; l&agrave; sử dụng c&aacute;c sản phẩm tạo kiểu như gel, s&aacute;p, mousse v&agrave; nước chải t&oacute;c.</p>\r\n<p><img class=\"img-fullwidth\" src=\"https://liembarbershop.com/vn/wp-content/uploads/2017/12/gel-xit.jpg\" alt=\"\" width=\"800\" height=\"479\" /></p>\r\n<p>Đ&acirc;y l&agrave; những loại sản phẩm được nam giới ưa d&ugrave;ng v&igrave; dễ sử dụng v&agrave; ph&ugrave; hợp với t&iacute;nh chất t&oacute;c của ph&aacute;i mạnh. Hơn nữa, bạn chỉ cần vuốt một ch&uacute;t gel/s&aacute;p l&agrave; t&oacute;c đ&atilde; c&oacute; thể v&agrave;o nếp cả ng&agrave;y rồi. C&aacute;ch n&agrave;y v&ocirc; c&ugrave;ng nhanh ch&oacute;ng v&agrave; tiết kiệm thời gian cho những ch&agrave;ng trai bận rộn.</p>\r\n<p><img class=\"img-fullwidth\" src=\"https://liembarbershop.com/vn/wp-content/uploads/2017/12/cac-loai-gel.jpg\" alt=\"\" width=\"800\" height=\"533\" /></p>\r\n<p>Ngo&agrave;i ra, hiện n&agrave;y c&oacute; rất nhiều loại gel/s&aacute;p/mousse ph&ugrave; hợp với từng loại t&oacute;c, v&igrave; thế bạn c&oacute; thể thoải m&aacute;i lựa chọn những sản phẩm ph&ugrave; hợp với đặc điểm t&oacute;c của m&igrave;nh m&agrave; kh&ocirc;ng lo g&acirc;y hại cho t&oacute;c.</p>\r\n<h4>Sử dụng &iacute;t h&oacute;a chất v&agrave; c&aacute;c sản phẩm c&ocirc;ng nghiệp</h4>\r\n<p>Như đ&atilde; n&oacute;i ở tr&ecirc;n, hiện tượng t&oacute;c kh&ocirc;ng v&agrave;o nếp c&oacute; thể l&agrave; do t&oacute;c bị tổn hại bởi việc sử dụng qu&aacute; nhiều h&oacute;a chất. Do vậy, bạn n&ecirc;n tr&aacute;nh những t&aacute;c động từ những h&oacute;a chất như thuốc nhuộm, tẩy v&agrave; uốn t&oacute;c. Một việc hết sức quan trọng nữa l&agrave; bạn kh&ocirc;ng n&ecirc;n lạm dụng c&aacute;c dụng cụ l&agrave;m t&oacute;c c&ocirc;ng nghiệp như m&aacute;y sấy, m&aacute;y uốn,&hellip; thay v&agrave;o đ&oacute; h&atilde;y sử dụng c&aacute;c dụng cụ tạo kiểu đơn giản như lược thẳng để vuốt t&oacute;c, lược xoăn để l&agrave;m phồng t&oacute;c, l&ocirc; cuốn để l&agrave;m xoăn t&oacute;c v&agrave; khăn kh&ocirc; để lau sạch t&oacute;c sau tắm&hellip;</p>\r\n<p><img class=\"img-fullwidth\" src=\"https://liembarbershop.com/vn/wp-content/uploads/2017/12/su-dung-luoc-tao-kieu-toc.jpg\" alt=\"\" width=\"800\" height=\"450\" /></p>\r\n<h4>Tạo kiểu khi t&oacute;c ẩm</h4>\r\n<p>C&aacute;c bạn nam thường bỏ qua một thời điểm rất l&yacute; tưởng để tạo kiểu cho m&aacute;i t&oacute;c dễ v&agrave;o nếp hơn, đ&oacute; l&agrave; sau khi tắm. Khi ở trạng th&aacute;i ẩm, m&aacute;i t&oacute;c sẽ dễ v&agrave;o nếp v&agrave; b&aacute;m s&aacute;p hơn, gi&uacute;p cho li&ecirc;n kết giữa c&aacute;c sợi t&oacute;c được chặt hơn đồng thời l&agrave;m giảm bớt t&igrave;nh trạng mất nếp ở m&aacute;i t&oacute;c.</p>\r\n<p><img class=\"img-fullwidth\" src=\"https://liembarbershop.com/vn/wp-content/uploads/2017/12/tao-kieu-toc-uot.jpg\" alt=\"\" width=\"800\" height=\"480\" /></p>\r\n<p>Chỉ với một số mẹo đơn giản như tr&ecirc;n, hi vọng c&aacute;c đắng m&agrave;i r&acirc;u sẽ dễ d&agrave;ng sở hữu cho m&igrave;nh một m&aacute;i t&oacute;c khỏe mạnh v&agrave; c&oacute; thể kiểm so&aacute;t được to&agrave;n bộ m&aacute;i t&oacute;c của m&igrave;nh nh&eacute;!</p>'),
(14, 2, 'Mẹo nhỏ giúp nam giới phục hồi tóc xơ thật hiệu quả', 'Để chăm sóc cho mái tóc xơ nhanh chóng được phục hồi bạn đã có bí quyết gì chưa nào? Cùng tham khảo và áp dụng mẹo nhỏ giúp bạn chăm sóc tóc xơ thật hiệu quả dưới đây để có thể có cách chăm sóc tóc và nuôi dưỡng cho mái tóc của mình luôn đẹp tuyệt vời bạn nhé!', 'images/article/14/explore.jpg', 'toc xo, meo', '<h2>Mẹo nhỏ gi&uacute;p nam giới phục hồi t&oacute;c xơ thật hiệu quả</h2>\r\n<p>Để chăm s&oacute;c cho m&aacute;i t&oacute;c xơ nhanh ch&oacute;ng được phục hồi bạn đ&atilde; c&oacute; b&iacute; quyết g&igrave; chưa n&agrave;o? C&ugrave;ng tham khảo v&agrave; &aacute;p dụng mẹo nhỏ gi&uacute;p bạn chăm s&oacute;c t&oacute;c xơ thật hiệu quả dưới đ&acirc;y để c&oacute; thể c&oacute; c&aacute;ch chăm s&oacute;c t&oacute;c v&agrave; nu&ocirc;i dưỡng cho m&aacute;i t&oacute;c của m&igrave;nh lu&ocirc;n đẹp tuyệt vời bạn nh&eacute;!</p>\r\n<p><img class=\"img-fullwidth\" src=\"https://liembarbershop.com/vn/wp-content/uploads/2017/12/su-dung-luoc-tao-kieu-toc.jpg\" alt=\"\" width=\"800\" height=\"450\" /></p>\r\n<h4>Những nguy&ecirc;n nh&acirc;n khiến t&oacute;c bạn bị kh&ocirc;</h4>\r\n<p>- T&aacute;c dụng của h&oacute;a chất khi bạn uốn, &eacute;p, sấy, nhuộm&hellip; Chẳng hạn khi duỗi, bản chất m&aacute;i t&oacute;c bạn kh&ocirc;ng thẳng nhưng bạn muốn thay đổi cấu tr&uacute;c đ&oacute; th&igrave; thuốc duỗi phải c&oacute; một t&aacute;c dụng h&oacute;a học rất mạnh để c&oacute; thể t&aacute;c động l&ecirc;n sợi t&oacute;c.</p>\r\n<p>- Sau đ&oacute; th&ecirc;m một t&aacute;c nh&acirc;n nữa l&agrave; m&aacute;y sấy kẹp với sức n&oacute;ng của m&igrave;nh &eacute;p sợi t&oacute;c từ kh&ocirc;ng thẳng th&agrave;nh thẳng một c&aacute;ch bất ngờ. V&igrave; thế m&agrave; chỉ cần 1 lần duỗi t&oacute;c cũng đủ l&agrave;m t&oacute;c bạn trở n&ecirc;n kh&ocirc; xơ.</p>\r\n<p>- Tuyến b&atilde; nhờn dưới ch&acirc;n t&oacute;c c&oacute; vai tr&ograve; duy tr&igrave; độ ẩm cho da đầu. Tuy nhi&ecirc;n những bạn c&oacute; t&oacute;c kh&ocirc; th&igrave; tuyến n&agrave;y thường hoạt động k&eacute;m n&ecirc;n c&agrave;ng l&agrave;m cho t&oacute;c dễ hư tổn th&ecirc;m. T&oacute;c kh&ocirc; c&ograve;n do t&aacute;c động của m&ocirc;i trường như: nắng, gi&oacute;, m&ocirc;i trường &ocirc; nhiễm, nước biển, nước hồ bơi&hellip;</p>\r\n<p>- Th&ecirc;m v&agrave;o đ&oacute; việc gội đầu thường xuy&ecirc;n, sử dụng nhiều loại dầu gội đầu c&ugrave;ng l&uacute;c cũng l&agrave; nguy&ecirc;n nh&acirc;n l&agrave;m cho t&oacute;c trở n&ecirc;n kh&ocirc; hơn.</p>\r\n<h4>Chăm s&oacute;c t&oacute;c kh&ocirc; xơ</h4>\r\n<p>Việc gội đầu l&agrave; rất cần thiết nhưng quan trọng hơn l&agrave; bạn cần giữ chế độ đều đặn.</p>\r\n<h4><br />Giải ph&aacute;p cho t&oacute;c kh&ocirc;</h4>\r\n<p>- Khi t&oacute;c kh&ocirc; xơ tức l&agrave; lớp biểu b&igrave; bao bọc t&oacute;c bị thiếu hụt, l&uacute;c n&agrave;y t&oacute;c đ&atilde; bị tổn thương, điều quan trọng nhất l&agrave; tr&aacute;nh g&acirc;y tổn thương th&ecirc;m cho t&oacute;c bằng c&aacute;ch l&agrave; tạm ngừng tất cả c&aacute;c biện ph&aacute;p l&agrave;m đầu bằng h&oacute;a chất cho đến khi t&oacute;c phục hồi ho&agrave;n to&agrave;n.</p>\r\n<p>- V&agrave; bạn cũng cần l&ecirc;n&nbsp; lịch chăm s&oacute;c cho t&oacute;c. Những bước l&agrave;m sạch t&oacute;c hợp l&yacute; l&agrave; một biện ph&aacute;p gi&uacute;p ph&ograve;ng tr&aacute;nh việc l&agrave;m t&oacute;c hư tổn. Bạn cần chọn dầu gội, dầu xả hợp với chất t&oacute;c, da đầu v&agrave; kiểu t&oacute;c của bạn.</p>\r\n<p>- Việc gội đầu l&agrave; rất cần thiết nhưng quan trọng hơn l&agrave; bạn cần giữ chế độ đều đặn, khoảng c&aacute;ch giữa c&aacute;c lần gội l&agrave; c&acirc;n bằng v&agrave; hợp l&yacute;, sử dụng phần đệm ng&oacute;n tay để l&agrave;m sạch t&oacute;c, chỉ n&ecirc;n sử dụng m&oacute;ng tay khi cần tạo sự k&iacute;ch th&iacute;ch tuyến bả nhờn v&agrave; tuần ho&agrave;n m&aacute;u một c&aacute;ch nhẹ nh&agrave;ng. V&agrave; gội đầu bằng nước lạnh để t&oacute;c kh&ocirc;ng bị mất đi độ ẩm.</p>\r\n<p>- Sau khi gội đầu n&ecirc;n d&ugrave;ng th&ecirc;m dầu xả để bổ sung dưỡng chất cho t&oacute;c, nhất l&agrave; dầu xả c&oacute; chứa tinh dưỡng chất serum v&igrave; đ&acirc;y l&agrave; tinh dưỡng chất đặc trị gi&uacute;p phục hồi t&oacute;c bị hư tổn, l&agrave;m chắc khỏe dưỡng s&acirc;u b&ecirc;n trong từng sợi t&oacute;c, l&agrave;m mượt những sợi t&oacute;c bị xơ v&agrave; kh&ocirc; r&aacute;p.</p>\r\n<p>- Một tuần 1 đến 2 lần bạn n&ecirc;n ủ dưỡng với kem ủ c&ugrave;ng bộ để tăng cường dưỡng chất v&agrave; độ ẩm cho t&oacute;c, gi&uacute;p t&oacute;c tr&ocirc;ng khỏe v&agrave; b&oacute;ng mượt hơn. Ngo&agrave;i ra, nếu c&oacute; thời gian, thỉnh thoảng bạn c&oacute; thể d&ugrave;ng mặt nạ dưỡng t&oacute;c từ trứng g&agrave;, tr&aacute;i bơ hoặc chuối</p>\r\n<h4><br />Chăm s&oacute;c t&oacute;c kh&ocirc; xơ</h4>\r\n<p>- Đạm: T&oacute;c đủ đạm sẽ b&oacute;ng mượt, chắc, khỏe, c&oacute; độ đ&agrave;n hồi cao n&ecirc;n kh&ocirc;ng bị đứt, g&atilde;y. N&ecirc;n ăn nhiều thịt, c&aacute;, trứng, sữa, đậu để c&oacute; đủ lượng đạm cần thiết.</p>\r\n<p>- Vi chất dinh dưỡng: kẽm, sắt, đồng, magi&ecirc;, canxi, lưu huỳnh&hellip; c&oacute; trong thịt b&ograve;, thủy hải sản, tim, gan v&agrave; c&aacute;c loại rau như rau muống, rau ng&oacute;t, rau cải&hellip; Sắt gi&uacute;p t&oacute;c kh&ocirc;ng bị chẻ ngọn v&agrave; kh&ocirc; cứng. Kẽm v&agrave; canxi ngăn chặn t&igrave;nh trạng kh&ocirc; v&agrave; rụng t&oacute;c.</p>\r\n<p>- Vitamin: thiếu vitamin, t&oacute;c sẽ bị chẻ ngọn, rụng, bạc sớm v&agrave; mất đi độ b&oacute;ng mượt. Vitamin nh&oacute;m B gi&uacute;p lưu th&ocirc;ng m&aacute;u ở da đầu, tăng cường miễn dịch cho nang t&oacute;c, nếu thiếu, t&oacute;c sẽ bị xơ cứng v&agrave; rụng. Thiếu vitamin A, C (c&oacute; trong cam, qu&yacute;t, bưởi, chuối, dứa) sẽ l&agrave;m t&oacute;c kh&ocirc;, xơ, dễ g&atilde;y.</p>\r\n<p>- Nước: V&igrave; nước chiếm đến &frac14; trọng lượng sợi t&oacute;c, n&ecirc;n cần uống đủ nước (1,5 &ndash; 2 l&iacute;t/ng&agrave;y) để cung cấp độ ẩm cho t&oacute;c, l&agrave;m t&oacute;c mềm mại.</p>'),
(15, 2, 'Cách phục hồi tóc hư tổn', 'Tóc không giữ được nếp, không có độ phồng, và khô cứng như rễ tre — tóc hư tổn rất cứng đầu, rối bù và thực sự khó thuần dưỡng. Nhưng chính sự kết hợp các yếu tố môi trường, tạo kiểu tóc bằng nhiệt và thói quen chăm sóc tóc thông thường của bạn khiến cho tóc dễ gãy. ', 'images/article/15/explore.jpg', 'phuc hoi, toc hu ton', '<h2>C&aacute;ch phục hồi t&oacute;c hư tổn</h2>\r\n<p>T&oacute;c kh&ocirc;ng giữ được nếp, kh&ocirc;ng c&oacute; độ phồng, v&agrave; kh&ocirc; cứng như rễ tre &mdash; t&oacute;c hư tổn rất cứng đầu, rối b&ugrave; v&agrave; thực sự kh&oacute; thuần dưỡng. Nhưng ch&iacute;nh sự kết hợp c&aacute;c yếu tố m&ocirc;i trường, tạo kiểu t&oacute;c bằng nhiệt v&agrave; th&oacute;i quen chăm s&oacute;c t&oacute;c th&ocirc;ng thường của bạn khiến cho t&oacute;c dễ g&atilde;y. Điều n&agrave;y c&oacute; nghĩa l&agrave; cũng c&oacute; c&aacute;c c&aacute;ch để đảo ngược những th&oacute;i quen c&oacute; hại đ&oacute; v&agrave; phục hồi m&aacute;i t&oacute;c kh&ocirc;. H&atilde;y đọc những mẹo được ưa th&iacute;ch dưới đ&acirc;y để biết c&aacute;ch phục hồi t&oacute;c hư tổn.&nbsp;</p>\r\n<h4>1. Bảo vệ khỏi c&aacute;c yếu tố ngoại cảnh</h4>\r\n<p>M&aacute;i t&oacute;c đ&aacute;ng thương của bạn h&agrave;ng ng&agrave;y phải chống chọi với c&aacute;c yếu tố ngoại cảnh. Tiếp x&uacute;c qu&aacute; nhiều với &aacute;nh nắng, gi&oacute; v&agrave; mưa c&oacute; thể khiến t&oacute;c bị kh&ocirc;, v&agrave; nếu kh&ocirc;ng được chăm s&oacute;c, t&oacute;c c&oacute; thể bị g&atilde;y. V&igrave; vậy h&atilde;y tăng cường bảo vệ cho t&oacute;c bằng c&aacute;ch dưỡng t&oacute;c một lần mỗi tuần bằng kem ủ t&oacute;c chuy&ecirc;n s&acirc;u hoặc dầu dưỡng, như kem ủ t&oacute;c TRESemm&eacute; Platinum Strength. L&agrave;m như vậy sẽ gi&uacute;p nu&ocirc;i dưỡng t&oacute;c từ s&acirc;u b&ecirc;n trong, để c&oacute; m&aacute;i t&oacute;c khỏe v&agrave; tr&agrave;n đầy sức sống.&nbsp;</p>\r\n<h4>2. Bảo vệ khi tạo kiểu t&oacute;c bằng nhiệt</h4>\r\n<p>M&aacute;y sấy, m&aacute;y l&agrave; t&oacute;c, trục uốn lọn &mdash; tất cả đều l&agrave; những dụng cụ tạo kiểu t&oacute;c kh&ocirc;ng thể thiếu, đ&uacute;ng kh&ocirc;ng n&agrave;o? Nhưng bạn c&oacute; biết rằng những dụ cụng n&agrave;y c&oacute; thể n&oacute;ng l&ecirc;n đến 232&deg;C? V&igrave; vậy, chẳng c&oacute; g&igrave; ngạc nhi&ecirc;n khi ch&uacute;ng l&agrave;m cho t&oacute;c bị kh&ocirc; v&agrave; hư tổn. V&agrave; đ&oacute; l&agrave; l&uacute;c cần đến xịt dưỡng t&oacute;c chống nhiệt: xịt l&ecirc;n t&oacute;c ẩm trước khi sấy, v&agrave; xịt một lần nữa l&ecirc;n t&oacute;c kh&ocirc; trước khi sử dụng c&aacute;c dụng cụ tạo kiểu t&oacute;c bằng nhiệt, để tạo th&agrave;nh lớp bảo vệ t&oacute;c khỏi nhiệt độ cao v&agrave; giữ cho t&oacute;c lu&ocirc;n mềm v&agrave; b&oacute;ng.&nbsp;</p>\r\n<h4>3. Chải t&oacute;c nhẹ nh&agrave;ng</h4>\r\n<p>Bạn c&oacute; biết rằng t&oacute;c yếu nhất khi ướt? Đ&acirc;y dường như r&otilde; r&agrave;ng l&agrave; l&uacute;c cần chải t&oacute;c kỹ lưỡng, nhưng chải t&oacute;c mạnh v&agrave; nhiều lần c&oacute; thể l&agrave;m cho lớp biểu b&igrave; của t&oacute;c bị hư tổn, khiến cho t&oacute;c bị g&atilde;y v&agrave; chẻ ngọn. Để bảo vệ t&oacute;c, h&atilde;y chải t&oacute;c dưới v&ograve;i hoa sen sau khi d&ugrave;ng dầu xả &mdash; dầu xả sẽ bao bọc sợi t&oacute;c v&agrave; đ&oacute;ng vai tr&ograve; như một lớp m&agrave;ng chắn, gi&uacute;p dễ d&agrave;ng gỡ c&aacute;c n&uacute;t thắt v&agrave; chỗ rối. H&atilde;y chọn mua loại lược c&oacute; l&ocirc;ng bằng nhựa dẻo thưa hoặc lược c&oacute; răng thưa &mdash; những chiếc lược n&agrave;y gi&uacute;p t&oacute;c c&oacute; th&ecirc;m kh&ocirc;ng gian để luồn qua, để kh&ocirc;ng phải d&ugrave;ng lực qu&aacute; mạnh khi gỡ t&oacute;c rối &mdash; v&agrave; chải nhẹ nh&agrave;ng từng phần t&oacute;c một.&nbsp;</p>\r\n<h4>4. Chăm s&oacute;c t&oacute;c nhuộm</h4>\r\n<p>Nhuộm t&oacute;c l&agrave; một c&aacute;ch tuyệt vời để kết hợp phong c&aacute;ch v&agrave; thử điều g&igrave; đ&oacute; mới mẻ &mdash; nhưng cũng giống như mọi biện ph&aacute;p xử l&yacute; bằng h&oacute;a chất, nhuộm t&oacute;c c&oacute; thể l&agrave;m t&oacute;c bị kh&ocirc; v&agrave; hư tổn, khiến cho t&oacute;c kh&oacute; giữ được độ phồng v&agrave; b&oacute;ng. Để gi&uacute;p cung cấp độ ẩm v&agrave; duy tr&igrave; vẻ đẹp rạng rỡ của t&oacute;c nhuộm, bạn cần phải củng cố lớp bảo vệ tự nhi&ecirc;n của t&oacute;c bằng c&aacute;ch sử dụng kết hợp dầu gội d&agrave;nh cho t&oacute;c nhuộm v&agrave; sản phẩm dưỡng t&oacute;c đặc chế tốt nhất. Những sản phẩm đặc chế như dầu gội giữ m&agrave;u t&oacute;c nhuộm sẽ gi&uacute;p phục hồi t&oacute;c kh&ocirc; v&agrave; hư tổn do nhuộm, gi&uacute;p nu&ocirc;i dưỡng v&agrave; giữ t&oacute;c chắc khỏe.&nbsp;&nbsp;</p>\r\n<h4>5. Kh&ocirc;ng cần gội đầu qu&aacute; nhiều&nbsp;</h4>\r\n<p>Kh&ocirc;ng g&igrave; s&aacute;nh được với cảm gi&aacute;c sảng kho&aacute;i của m&aacute;i t&oacute;c mới gội, nhưng gội đầu nhiều c&oacute; tốt kh&ocirc;ng th&igrave; chưa hẳn, bởi việc n&agrave;y c&oacute; thể l&agrave;m t&oacute;c mất đi độ ẩm, trở n&ecirc;n kh&ocirc; v&agrave; dễ g&atilde;y. H&atilde;y thử giảm tần suất gội đầu bằng c&aacute;ch sử dụng dầu gội kh&ocirc; giữa c&aacute;c lần gội &ndash; n&oacute; sẽ gi&uacute;p hấp thụ dầu nhờn v&agrave; loại bỏ m&ugrave;i kh&oacute; chịu để cho bạn m&aacute;i t&oacute;c tươi mới như vừa gội.&nbsp;</p>'),
(16, 1, '4 bước chăm sóc tóc cho nam khỏe mạnh sạch gầu\r\n', 'Việc làm đẹp tưởng chừng là công việc chỉ dành cho phái nữ, nhưng thực tế rất nhiều chàng trai chú ý đến ngoại hình và muốn sở hữu vẻ đẹp hoàn hảo nhất, đặc biệt là với mái tóc của mình.', 'images/article/16/explore.jpg', 'cham soc toc, sach gau', '<h2>4 bước chăm s&oacute;c t&oacute;c cho nam khỏe mạnh sạch gầu</h2>\r\n<p>Việc l&agrave;m đẹp tưởng chừng l&agrave; c&ocirc;ng việc chỉ d&agrave;nh cho ph&aacute;i nữ, nhưng thực tế rất nhiều ch&agrave;ng trai ch&uacute; &yacute; đến ngoại h&igrave;nh v&agrave; muốn sở hữu vẻ đẹp ho&agrave;n hảo nhất, đặc biệt l&agrave; với m&aacute;i t&oacute;c của m&igrave;nh.</p>\r\n<p>Khi bạn tạo kiểu t&oacute;c nam đẹp m&agrave; kh&ocirc;ng ch&uacute; &yacute;&nbsp;chăm s&oacute;c t&oacute;c&nbsp;th&igrave; rất dễ khiến m&aacute;i t&oacute;c của bạn bị xơ rối d&iacute;nh gầu. V&igrave; vậy để tạo kiểu t&oacute;c đẹp thoải m&aacute;i m&agrave; vẫn đảm bảo m&aacute;i t&oacute;c chắc khỏe sạch gầu th&igrave; bạn cần phải lưu &yacute; 4 bước dưới đ&acirc;y.</p>\r\n<h4>Bước 1: Chải t&oacute;c</h4>\r\n<p>Khi l&agrave;m đẹp cho m&aacute;i t&oacute;c, bạn cần ch&uacute; &yacute; ngay từ c&ocirc;ng đoạn đầu ti&ecirc;n l&agrave; chải t&oacute;c. Đ&acirc;y dường như l&agrave; một việc qu&aacute; hiển nhi&ecirc;n nhưng kh&ocirc;ng phải ai cũng biết, đặc biệt l&agrave; đối với những ch&agrave;ng trai vụng về khi chăm s&oacute;c t&oacute;c. C&oacute; đ&ocirc;i khi v&igrave; chủ quan, nam giới dường như đ&aacute;nh gi&aacute; qu&aacute; thấp vai tr&ograve; của việc chải t&oacute;c. C&ocirc;ng việc n&agrave;y gi&uacute;p cho t&oacute;c kh&ocirc;ng bị rối v&agrave; giữ được vẻ mượt m&agrave;, khoẻ khoắn. Thậm ch&iacute; bạn cũng c&oacute; thể tạo kiểu t&oacute;c đẹp nhờ việc l&agrave;m tưởng chừng như đơn giản n&agrave;y.</p>\r\n<p><img class=\"img-fullwidth\" src=\"https://vnn-imgs-f.vgcloud.vn/2018/03/07/12/4-buoc-cham-soc-toc-cho-nam-khoe-manh-sach-gau.jpg\" alt=\"\" width=\"500\" height=\"333\" /></p>\r\n<h4>Bước 2: Gội đầu</h4>\r\n<p>Để đảm bảo m&aacute;i t&oacute;c của bạn chắc khỏe v&agrave; dễ tạo&nbsp;kiểu t&oacute;c đẹp&nbsp;th&igrave; c&aacute;c bạn nam cũng cần ch&uacute; &yacute; khi l&agrave;m đẹp cho n&oacute;, đặc biệt l&agrave; việc gội đầu. Lựa chọn dầu gội như thế n&agrave;o cho ph&ugrave; hợp với m&aacute;i t&oacute;c, tần suất gội đầu bao nhi&ecirc;u lần một tuần cũng cần phải th&iacute;ch hợp với loại t&oacute;c v&agrave; da đầu. Bạn cần phải lắng nghe m&aacute;i t&oacute;c để c&oacute; c&aacute;ch chăm s&oacute;c t&oacute;c khoa học nhất.</p>\r\n<p>V&iacute; dụ c&aacute;ch chăm s&oacute;c t&oacute;c khi gội đầu ph&ugrave; hợp với từng loại t&oacute;c:</p>\r\n<p>- T&oacute;c bạn kh&ocirc;, gi&ograve;n v&agrave; dễ g&atilde;y chỉ cần gội 2-3 ng&agrave;y/ lần để tr&aacute;nh l&agrave;m tổn thương t&oacute;c.</p>\r\n<p>- Nếu t&oacute;c bạn nhiều dầu v&agrave; dễ bị nhờn bạn cần gội đầu h&agrave;ng ng&agrave;y.</p>\r\n<p>- Nếu t&oacute;c bạn l&agrave; t&oacute;c thường bạn kh&ocirc;ng cần phải gội qu&aacute; thường xuy&ecirc;n.</p>\r\n<h4>Bước 3: Lưu &yacute; khi d&ugrave;ng c&aacute;c sản phẩm tạo kiểu t&oacute;c nam đẹp</h4>\r\n<p>Việc bạn l&agrave;m đẹp bằng c&aacute;ch tạo kiểu t&oacute;c nam c&oacute; thể thường xuy&ecirc;n hoặc thỉnh thoảng. D&ugrave; l&agrave; nhiều hay &iacute;t th&igrave; việc n&agrave;y cũng l&agrave;m ảnh hưởng xấu đến m&aacute;i t&oacute;c của bạn. V&igrave; vậy h&atilde;y biết c&aacute;ch chăm s&oacute;c t&oacute;c để giảm thiểu tối đa t&igrave;nh trạng hư tổn của m&aacute;i t&oacute;c. C&aacute;ch tốt nhất l&agrave; bạn n&ecirc;n hạn chế việc sử dụng c&aacute;c h&oacute;a chất tạo kiểu t&oacute;c đẹp.</p>\r\n<h4>Bước 4: Chăm s&oacute;c t&oacute;c trước khi đi ngủ</h4>\r\n<p>C&oacute; thể bạn kh&ocirc;ng ch&uacute; trọng đến việc tạo kiểu t&oacute;c đẹp hay đơn giản bạn kh&ocirc;ng c&oacute; thời gian, nhưng đừng qu&ecirc;n chăm s&oacute;c t&oacute;c trước khi đu ngủ, để qua một đ&ecirc;m m&aacute;i t&oacute;c của bạn sẽ chắc khỏe hơn. Buổi tối trước khi đi ngủ bạn n&ecirc;n chải t&oacute;c một lần nữa để t&oacute;c mượt hơn v&agrave; h&atilde;y đảm bảo bạn đi ngủ với tư thế kh&ocirc;ng g&acirc;y hại cho m&aacute;i t&oacute;c của m&igrave;nh. Đừng đi ngủ với m&aacute;i t&oacute;c ướt, nếu kh&ocirc;ng t&oacute;c bạn sẽ bị x&ugrave; l&ecirc;n như c&aacute;i tổ quạ, thậm ch&iacute; c&ograve;n g&acirc;y hại rất nhiều cho da đầu của bạn.</p>\r\n<p>Tr&ecirc;n đ&acirc;y l&agrave; một v&agrave;i bước v&agrave;&nbsp;b&iacute; quyết l&agrave;m đẹp&nbsp;đơn giản gi&uacute;p nam giới chăm s&oacute;c t&oacute;c tốt hơn. Chỉ cần l&agrave;m theo những chỉ dẫn tr&ecirc;n đ&acirc;y, bạn sẽ lu&ocirc;n tự tin với m&aacute;i t&oacute;c được chăm s&oacute;c kỹ c&agrave;ng của m&igrave;nh.</p>');

-- --------------------------------------------------------

--
-- Table structure for table `branches`
--

CREATE TABLE `branches` (
  `branch_id` int(11) NOT NULL,
  `branch_address` text NOT NULL,
  `branch_phonenumber` text NOT NULL
) ENGINE=InnoDB DEFAULT CHARSET=utf8 ROW_FORMAT=DYNAMIC;

--
-- Dumping data for table `branches`
--

INSERT INTO `branches` (`branch_id`, `branch_address`, `branch_phonenumber`) VALUES
(1, '123 Trần Hưng Đạo, Phường Phạm Ngũ Lão, Quận 1, Hồ Chí Minh', '0909090909'),
(2, '321 Hồng Bàng, Phường 11, Quận 5, Hồ Chí Minh', '0606060606');

-- --------------------------------------------------------

--
-- Table structure for table `categories`
--

CREATE TABLE `categories` (
  `category_id` int(11) NOT NULL,
  `category_name` varchar(30) NOT NULL
) ENGINE=InnoDB DEFAULT CHARSET=utf8 ROW_FORMAT=DYNAMIC;

--
-- Dumping data for table `categories`
--

INSERT INTO `categories` (`category_id`, `category_name`) VALUES
(1, 'Chăm sóc tóc'),
(2, 'Phục hồi tóc'),
(3, 'Kiểu tóc');

-- --------------------------------------------------------

--
-- Table structure for table `customers`
--

CREATE TABLE `customers` (
  `customer_id` varchar(12) NOT NULL,
  `customer_password` varchar(12) NOT NULL DEFAULT '123',
  `customer_name` varchar(30) NOT NULL DEFAULT 'Customer',
  `customer_status` int(11) NOT NULL DEFAULT '0'
) ENGINE=InnoDB DEFAULT CHARSET=utf8 ROW_FORMAT=DYNAMIC;

--
-- Dumping data for table `customers`
--

INSERT INTO `customers` (`customer_id`, `customer_password`, `customer_name`, `customer_status`) VALUES
('0906070937', '0906070937', 'Thông', 1);

-- --------------------------------------------------------

--
-- Table structure for table `log_users`
--

CREATE TABLE `log_users` (
  `id` int(11) NOT NULL,
  `user_id` int(11) DEFAULT NULL,
  `password` varchar(255) NOT NULL,
  `last_edit` datetime DEFAULT NULL,
  `created` datetime DEFAULT NULL,
  `modified` datetime DEFAULT NULL
) ENGINE=InnoDB DEFAULT CHARSET=utf8 ROW_FORMAT=DYNAMIC;

--
-- Dumping data for table `log_users`
--

INSERT INTO `log_users` (`id`, `user_id`, `password`, `last_edit`, `created`, `modified`) VALUES
(3, 1, '$2y$10$PsSZVevgmacQ7mcAGLvdXu6X43iqHMZ/Rt0jyEOpXaXLhfBJTcpTy', '2018-01-24 15:14:44', NULL, '2017-09-20 15:01:01'),
(4, 1, '$2y$10$eql/gxt8flfcWbGbCKyDBeZ4SAzsgrN1ZjGocJlQX12V.WRJkPJL2', '2018-12-03 20:20:33', NULL, '2018-01-24 15:14:44');

-- --------------------------------------------------------

--
-- Table structure for table `products`
--

CREATE TABLE `products` (
  `product_id` int(11) NOT NULL,
  `product_category_id` int(11) NOT NULL,
  `product_title` text NOT NULL,
  `product_description` text,
  `product_image` text,
  `product_keyword` text NOT NULL,
  `product_content` text
) ENGINE=InnoDB DEFAULT CHARSET=utf8 ROW_FORMAT=DYNAMIC;

--
-- Dumping data for table `products`
--

INSERT INTO `products` (`product_id`, `product_category_id`, `product_title`, `product_description`, `product_image`, `product_keyword`, `product_content`) VALUES
(1, 1, 'Dầu gội X-Men FOR BOSS', 'Dầu gội hương nước hoa mạnh mẽ', 'images/product/1/product-img.png', 'xmen', '<h4>Dầu gội nước hoa X-Men for Boss</h4>\r\n<p>Với c&ocirc;ng thức chuy&ecirc;n biệt d&agrave;nh cho nam giới Dầu gội nước hoa X-Men for Boss Intense 380g gi&uacute;p gội sạch dầu nhờn v&agrave; bụi bẩn tr&ecirc;n da đầu. Kết hợp th&agrave;nh phần cao cấp gỗ Đ&agrave;n Hường v&agrave; Hổ Ph&aacute;ch tạo n&ecirc;n hương nước hoa trầm đầy nội lực d&agrave;nh cho người đ&agrave;n &ocirc;ng th&agrave;nh c&ocirc;ng.</p>\r\n<p>Tạo n&ecirc;n nốt hương trầm đầy nội lực.</p>\r\n<p>L&agrave;m sạch, nu&ocirc;i dưỡng t&oacute;c v&agrave; da đầu.</p>\r\n<p>Th&agrave;nh phần gỗ Đ&agrave;n Hương v&agrave; Hổ Ph&aacute;ch.</p>\r\n<p>Chai nhỏ tiết kiệm diện t&iacute;ch, thuận tiện khi đem theo c&ocirc;ng t&aacute;c/du lịch.</p>\r\n<p>N&ecirc;n d&ugrave;ng trọn bộ sản phẩm để to&agrave;n bộ cơ thể c&oacute; c&ugrave;ng hương thơm lịch l&atilde;m.</p>'),
(18, 1, 'Dầu Gội Cao Cấp Cho Nam Romano VIP', 'Dầu Gội Cao Cấp Cho Nam Romano VIP', 'images/product/18/product-img.png', 'romano', '<h4>Dầu Gội Cao Cấp Cho Nam Romano VIP</h4>\r\n<p>C&oacute; c&ocirc;ng thức d&agrave;nh ri&ecirc;ng cho người đ&agrave;n &ocirc;ng c&aacute; t&iacute;nh gi&uacute;p m&aacute;i t&oacute;c bạn sẽ trở n&ecirc;n mượt m&agrave;, dễ d&agrave;ng v&agrave;o nếp v&agrave; kh&ocirc;ng c&ograve;n dấu hiệu của g&agrave;u, đem lại cảm gi&aacute;c sảng kho&aacute;i c&ugrave;ng m&ugrave;i hương nam t&iacute;nh lưu lại tr&ecirc;n t&oacute;c sau khi sử dụng.</p>\r\n<p>Romano VIP l&agrave; sự kết hợp tinh tế giữa phong c&aacute;ch lịch l&atilde;m c&ugrave;ng chất trẻ trung hiện đại với hương nước hoa nam t&iacute;nh, mạnh mẽ cho ph&aacute;i mạnh.</p>'),
(19, 1, 'Dầu gội nước hoa X-Men Metal', 'Hương Citrus tươi mát cùng công thức 3Dmatrix giúp cắt sạch gàu', 'images/product/19/product-img.png\r\n', 'xmen', '<h4>Dầu gội nước hoa X-Men Metal</h4>\r\n<p>Hương Citrus tươi m&aacute;t c&ugrave;ng c&ocirc;ng thức 3D matrix gi&uacute;p cắt sạch g&agrave;u, X-men Kim Sạch g&agrave;u lịch l&atilde;m cho m&aacute;i t&oacute;c vẻ lịch l&atilde;m đầy uy lực, để bạn c&oacute; niềm tin th&eacute;p xuy&ecirc;n ph&aacute; mọi r&agrave;o cản.</p>\r\n<p>C&aacute;ch d&ugrave;ng: Thoa đều dầu gội l&ecirc;n t&oacute;c ướt. Xoa nhẹ nh&agrave;ng rồi xả sạch với nước.</p>\r\n<p>Th&agrave;nh phần: Water, Sodium Laureth Sulfate, Dimethiconol, Dimethicane, Cocamidopropyl Betaine, Perfume, Zinc Pyrithione, Carbomer, Menthol, Sodium PCA, Sodium Hydroxide, Guar Hydraxypropyttrinonium Chloride, Citric Acid, TEA-Dodecylbenzenesulfonate, Polyquaternium-10, Castoryl Maleate, C12-15 Pareth-3, Tocopheryl Acetate, Betaine, Sorbitol, Serine, Glycine, Glutamic Acid, Alanine, Lysine, Arginine, Threonine, Proline, Sodium Cumenesulfonate, Sodium Chloride, Methylchloroisothiazolinone, Methylisothiazolone, CI 42090.</p>'),
(20, 1, 'Dầu Gội Bùn Khoáng Sạch Gàu Mát Lạnh Nivea Men Ice Mud Anti Dandruf Shampoo', 'Hương bạc hà tươi mát, tạo cảm giác thư giãn, sảng khoái', 'images/product/20/product-img.png', 'nivea', '<h4>Dầu Gội B&ugrave;n Kho&aacute;ng Sạch G&agrave;u M&aacute;t Lạnh Nivea Men Ice Mud Anti Dandruf Shampoo</h4>\r\n<p>C&ocirc;ng thức chứa kho&aacute;ng chất từ b&ugrave;n m&aacute;t lạnh, cho khả năng l&agrave;m sạch mạnh mẽ, xo&aacute;y bay bụi bẩn tr&ecirc;n da đầu. Sản phẩm c&oacute; hương bạc h&agrave; tươi m&aacute;t, tạo cảm gi&aacute;c thư gi&atilde;n, sảng kho&aacute;i khi sử dụng. Ngo&agrave;i ra, c&ograve;n mang đến cho nam giới một trải nghiệm ho&agrave;n to&agrave;n kh&aacute;c.</p>\r\n<p>Dầu gội đầu với c&ocirc;ng thức b&ugrave;n kho&aacute;ng chứa ph&acirc;n tử si&ecirc;u nhỏ hoạt động như c&aacute;c thỏi nam ch&acirc;m gi&uacute;p xo&aacute;y bay bụi bẩn, xoa dịu v&agrave; nu&ocirc;i dưỡng da đầu, ngăn nhờn ngứa cả ng&agrave;y. Loại sạch vảy g&agrave;u từ gốc, nu&ocirc;i dưỡng da đầu v&agrave; ngăn ngừa g&agrave;u quay trở lại. Tạo cảm gi&aacute;c m&aacute;t lạnh với m&ugrave;i hương bạc h&agrave; sản kho&aacute;i.</p>'),
(21, 1, 'Dầu Gội Nam Kerasys Homme Deep Cleansing Cool Shampoo ', 'Thành phần 100% thiên nhiên với tinh chất bạc hà', 'images/product/21/product-img.png\r\n', 'kerasys', '<h4>Dầu Gội Nam Kerasys Homme Deep Cleansing Cool Shampoo</h4>\r\n<p>C&oacute; th&agrave;nh phần 100% thi&ecirc;n nhi&ecirc;n với tinh chất bạc h&agrave;, được kiểm nghiệm theo ti&ecirc;u chuẩn của Climbasol v&agrave; Sodiumsalicylate, kh&ocirc;ng chứa h&oacute;a chất độc hại cho sức khỏe. Sản phẩm gi&uacute;p gội sạch ho&agrave;n to&agrave;n nhưng kh&ocirc;ng hề g&acirc;y ngứa hay k&iacute;ch ứng da đầu. Tinh chất bạc h&agrave; m&aacute;t lạnh mang lại cho bạn cảm gi&aacute;c thư th&aacute;i, dịu m&aacute;t cho ng&agrave;y h&egrave; năng động.</p>\r\n<p>Th&ocirc;ng qua những hạt si&ecirc;u vi thẩm thấu mạnh mẽ v&agrave;o từng sợi t&oacute;c gi&uacute;p loại bỏ ngay những bụi bẩn, c&aacute;c chất nhờn, mồ h&ocirc;i đầu, mảng b&aacute;m g&agrave;u. M&aacute;i t&oacute;c của bạn sẽ trở n&ecirc;n &oacute;ng mượt, giữ nếp cả ng&agrave;y d&agrave;i khi sử dụng với keo tạo kiểu.</p>'),
(22, 1, 'Dầu Gội Ngăn Lão Hóa Tóc Oxy Prime RMV-O-Pr-Sh', 'Chiết xuất từ thảo mộc thiên nhiên, không chứa Silicone, Sulfate', 'images/product/22/product-img.png\r\n', 'Oxy', '<h4>Dầu Gội Ngăn L&atilde;o H&oacute;a T&oacute;c Oxy Prime RMV-O-Pr-Sh</h4>\r\n<p>C&oacute; chiết xuất từ thảo mộc thi&ecirc;n nhi&ecirc;n, kh&ocirc;ng chứa Silicone, Sulfate &ndash; t&aacute;c nh&acirc;n g&acirc;y rụng t&oacute;c.</p>\r\n<p>Kết hợp với c&aacute;c dưỡng chất gi&uacute;p t&oacute;c ph&aacute;t triển chắc khỏe gi&uacute;p ngăn l&otilde;a h&oacute;a t&oacute;c v&agrave; gi&uacute;p t&oacute;c giảm g&atilde;y rụng, ph&aacute;t triển nhanh, chắc khỏe v&agrave; s&aacute;ng b&oacute;ng.</p>\r\n<p>Sản phẩm sử dụng chai v&ograve;i tiện dụng, gi&uacute;p bạn dễ d&agrave;ng lấy ra lượng dầu gội th&iacute;ch hợp để sử dụng.</p>\r\n<p>Dầu Gội Ngăn L&atilde;o H&oacute;a T&oacute;c Oxy Prime RMV-O-Pr-Sh đến từ thương hiệu nổi tiếng, uy t&iacute;n từ Nhật Bản</p>'),
(23, 1, 'Dầu Gội Romano Deluxe Classic', 'Ứng dụng công thức cải tiến chứa Pro-Vitamin B5 cho mái tóc mềm mại, chắc khỏe.', 'images/product/23/product-img.png', 'romano', '<h4>Dầu Gội Romano Deluxe Classic</h4>\r\n<p>D&agrave;nh cho ph&aacute;i mạnh ứng dụng c&ocirc;ng thức cải tiến chứa Pro-Vitamin B5 cho m&aacute;i t&oacute;c mềm mại, chắc khỏe.</p>\r\n<p>Ngo&agrave;i ra, hương thơm độc đ&aacute;o, nam t&iacute;nh từ Romano sẽ mang đến cho bạn một phong c&aacute;ch lịch l&atilde;m v&agrave; quyến rũ.</p>\r\n<p>Dầu gội với c&ocirc;ng thức cải tiến gi&uacute;p l&agrave;m sạch da đầu hiệu quả v&agrave; v&agrave; mang đến cho bạn một m&aacute;i t&oacute;c mềm mượt v&agrave; khỏe mạnh cả ng&agrave;y d&agrave;i với th&agrave;nh phần Pro Vitamin B5.</p>\r\n<p>Romano c&oacute; hương thơm sảng kho&aacute;i, m&aacute;t lạnh v&agrave; nam t&iacute;nh sẽ cho bạn phong c&aacute;ch trẻ trung, năng động v&agrave; quyến rũ.</p>\r\n<p>Sản phẩm d&agrave;nh cho mọi loại t&oacute;c.</p>'),
(24, 2, 'Dầu Gội Trà Xanh Phục Hồi Và Ngăn Rụng Tóc Follow Me Hair Rivitalizer', 'Giữ ẩm cho tóc, bổ sung dưỡng chất và phục hồi mái tóc khô, hư tổn', 'images/product/24/product-img.png', 'rivitalizer', '<h4>Dầu Gội Tr&agrave; Xanh Phục Hồi V&agrave; Ngăn Rụng T&oacute;c Follow Me Hair Rivitalizer</h4>\r\n<p>Chiết xuất từ tr&agrave; xanh, chiết xuất mầm l&uacute;a m&igrave;, hạt nho cung cấp v&agrave; giữ ẩm cho t&oacute;c, bổ sung dưỡng chất v&agrave; phục hồi m&aacute;i t&oacute;c kh&ocirc;, hư tổn do t&aacute;c nh&acirc;n sấy, duỗi, uốn, nhuộm.</p>\r\n<p>Đặc biệt, sản phẩm nhẹ nh&agrave;ng gội sạch chất nhờn, bụi bẩn đồng thời để c&aacute;c dưỡng chất dễ d&agrave;ng thấm s&acirc;u v&agrave;o t&oacute;c, nu&ocirc;i dưỡng v&agrave; bảo vệ t&oacute;c tr&aacute;nh g&atilde;y rụng.</p>\r\n<p>B&ecirc;n cạnh đ&oacute;, dầu gội mang m&ugrave;i hương m&aacute;t dịu của l&aacute; tr&agrave; xanh mang đến cho bạn cảm gi&aacute;c sảng kho&aacute;i cũng như tự tin tỏa hương thơm quyến rũ, dễ chịu tr&ecirc;n suối t&oacute;c &oacute;ng mượt.</p>\r\n<p>Sản phẩm được l&agrave;m từ những th&agrave;nh phần chiết xuất từ thi&ecirc;n nhi&ecirc;n kết hợp quy tr&igrave;nh kiểm tra nghi&ecirc;m ngặt kh&ocirc;ng g&acirc;y k&iacute;ch ứng da an to&agrave;n với người sử dụng.</p>\r\n<p>Thiết kế dạng chai c&oacute; v&ograve;i tiện lợi, chắc chắn gi&uacute;p bạn dễ d&agrave;ng mang theo mọi l&uacute;c, mọi nơi để bảo vệ, chăm s&oacute;c cho m&aacute;i t&oacute;c của m&igrave;nh.</p>'),
(25, 2, 'Dầu Gội Phục Hồi Tóc Chiết Xuất Dầu Ngựa Nagano NG1043 ', 'Bảo vệ chống khô và gãy rụng cho tóc,chăm sóc chuyên sâu cho tóc hư tổn', 'images/product/25/product-img.png', 'nagano', '<h4>Dầu Gội Phục Hồi T&oacute;c Chiết Xuất Dầu Ngựa Nagano NG1043</h4>\r\n<p>Th&agrave;nh phần chủ yếu l&agrave; dầu ngựa dễ d&agrave;ng thẩm thấu s&acirc;u nu&ocirc;i dưỡng da đầu khỏe mạnh.</p>\r\n<p>Tinh chất dầu ngựa bổ sung dưỡng chất, cải tạo cấu tr&uacute;c b&ecirc;n trong của t&oacute;c, k&iacute;ch th&iacute;ch tuần ho&agrave;n m&aacute;u, gi&uacute;p t&oacute;c lu&ocirc;n chắc khỏe, b&oacute;ng đẹp.</p>\r\n<p>Bổ sung tăng cường c&aacute;c loại vitamin, protein c&aacute;m gạo, chiết xuất hoa đậu biếc&hellip; gi&uacute;p cải thiện c&aacute;c vấn đề về t&oacute;c như: hư tổn, g&agrave;u, ngứa, g&atilde;y rụng, xơ, chẻ ngọn&hellip; trả lại cho bạn một m&aacute;i t&oacute;c d&agrave;y, b&oacute;ng đẹp, bồng bềnh m&agrave; kh&ocirc;ng g&acirc;y bết d&iacute;nh.</p>\r\n<p>Chất chiết xuất từ dầu ngựa, protein c&aacute;m gạo, chiết xuất hoa đậu biếc, vitamin&hellip; dưỡng t&oacute;c b&oacute;ng mượt, chắc khỏe.</p>'),
(26, 2, 'Dầu Gội Dr. Sante Argan Hair Phục Hồi Tóc Hư Tổn ', 'Giảm thiểu và khôi phục tối đa sợi tóc bị khô, chẻ ngọn', 'images/product/26/product-img.png', 'argan', '<h4>Dầu Gội Dr. Sante Argan Hair Phục Hồi T&oacute;c Hư Tổn</h4>\r\n<p>Được đặc chế theo c&ocirc;ng nghệ ri&ecirc;ng của h&atilde;ng mỹ phẩm ch&acirc;u &Acirc;u nổi tiếng - Dr.Sante d&agrave;nh ri&ecirc;ng cho m&aacute;i t&oacute;c đ&atilde; bị hư tổn. Với c&aacute;c dưỡng chất từ dầu Argan v&agrave; Keratin gi&uacute;p thấm s&acirc;u, giảm thiểu t&oacute;c hư tổn v&agrave; xoăn cứng, dầu gội sẽ mang đến cho bạn m&aacute;i t&oacute;c b&oacute;ng khỏe từ gốc đến ngọn.</p>\r\n<p>Argan Oil: th&agrave;nh phần dầu Argan từ l&acirc;u đ&atilde; nổi tiếng trong việc dưỡng ẩm s&acirc;u, đặc biệt phục hồi v&agrave; tăng cường dinh dưỡng cho từng sợi t&oacute;c để giảm thiểu tối đa t&oacute;c chẻ ngọn, cải thiện độ sang, b&oacute;ng của t&oacute;c.</p>\r\n<p>Keratin: l&agrave; một trong những th&agrave;nh phần cơ bản của m&aacute;i t&oacute;c, tuy nhi&ecirc;n, theo thời gian, dưới t&aacute;c động của m&ocirc;i trường, t&oacute;c sẽ bị mất dần lượng Keratin. Ch&iacute;nh v&igrave; vậy, việc trong sản phẩm c&oacute; chứa th&agrave;nh phần Keratin sẽ gi&uacute;p bổ sung lượng chất đạm tự nhi&ecirc;n bị mất, phục hồi m&aacute;i t&oacute;c hư tổn. Keratin sẽ th&acirc;m nhập v&agrave;o từng sợi t&oacute;c, l&agrave;m đầy c&aacute;c vết nh&aacute;m, kh&ocirc;, xơ tr&ecirc;n t&oacute;c, gi&uacute;p t&oacute;c trở n&ecirc;n b&oacute;ng mượt hơn, đồng thời ngăn ngừa g&atilde;y rụng v&agrave; chẻ ngọn.</p>'),
(27, 2, 'Kem Phục Hồi Tóc Hư Tổn MH Natural Haircare', 'Dưỡng tóc mềm mại, chống rụng tóc, giúp mọc tóc, chống gàu', 'images/product/27/product-img.png', 'haircare', '<h4>Kem Phục Hồi T&oacute;c Hư Tổn MH Natural Haircare</h4>\r\n<p>Chiết xuất từ những nguy&ecirc;n liệu từ thi&ecirc;n nhi&ecirc;n như dầu dừa, dầu castor, bơ hạt mỡ, vitamin E tinh dầu dưỡng v&agrave; mọc t&oacute;c Rosemary.</p>\r\n<p>Sản phẩm gi&uacute;p dưỡng cho m&aacute;i t&oacute;c mềm mại, chống rụng t&oacute;c, gi&uacute;p mọc t&oacute;c nhanh v&agrave; hạn chế g&agrave;u.</p>\r\n<p>Hương thơm nhẹ dịu suốt cả ng&agrave;y.</p>'),
(28, 2, 'Dầu gội bưởi & Bồ Kết Herbario giảm rụng tóc, phục hồi tóc ', 'Giảm rụng tóc, cung cấp dưỡng chất nuôi dưỡng từ gốc đến ngọn, phục hồi tóc hư tổn sâu, giúp tóc suôn mượt tự nhiên', 'images/product/28/product-img.png', 'herbario', '<h4>Dầu gội bưởi &amp; Bồ Kết Herbario giảm rụng t&oacute;c, phục hồi t&oacute;c</h4>\r\n<p>Dầu gội vỏ bưởi &amp; bồ kết HERBARIO gi&uacute;p giảm rụng t&oacute;c*, nu&ocirc;i dưỡng t&oacute;c từ s&acirc;u b&ecirc;n trong, cung cấp dưỡng chất gi&uacute;p t&oacute;c chắc khỏe, phục hồi t&oacute;c hư tổn do t&aacute;c động của m&ocirc;i trường v&agrave; h&oacute;a chất, gi&uacute;p t&oacute;c lu&ocirc;n khỏe mạnh, su&ocirc;n mượt v&agrave; mềm mại.</p>\r\n<p>D&ugrave;ng cho c&aacute;c trường hợp rụng t&oacute;c nhiều v&agrave; sau rụng t&oacute;c do c&aacute;c nguy&ecirc;n nh&acirc;n: thay đổi nội tiết, l&atilde;o h&oacute;a, sử dụng c&aacute;c loại thuốc, h&oacute;a chất, thiếu dinh dưỡng, l&agrave;m việc căng thẳng, thay đổi nguồn nước, hoặc t&oacute;c rụng nhiều kh&ocirc;ng c&oacute; nguy&ecirc;n nh&acirc;n; những người t&oacute;c thưa, xơ, chẻ ngọn, t&oacute;c c&oacute; nhiều dầu, người c&oacute; nguy cơ h&oacute;i đầu v&agrave; bệnh nh&acirc;n rụng t&oacute;c sau thời gian h&oacute;a trị, xạ trị ung thư.</p>'),
(29, 2, 'Tinh Chất Phục Hồi Tóc Hư Tổn Từ Olive Aspasia Oilve Essence ', 'Khôi phục lại sức sống và dinh dưỡng cho tóc yếu, tóc chẻ ngọn, hương thơm quyến rũ  và đem lại sự mượt mà óng mượt cho tóc', 'images/product/29/product-img.png', 'aspasia', '<h4>Tinh Chất Phục Hồi T&oacute;c Hư Tổn Từ Olive Aspasia Oilve Essence</h4>\r\n<p>Th&agrave;nh phần si&ecirc;u đậm đặc, chiết xuất từ tr&aacute;i Olive c&ugrave;ng h&agrave;ng loạt c&aacute;c Vitamin, c&aacute;c acid b&eacute;o dưỡng t&oacute;c gi&uacute;p cho t&oacute;c mềm mại v&agrave; giảm xơ rối tức th&igrave;. Dưỡng chất trong Olive c&ugrave;ng với h&agrave;m lượng dưỡng ẩm cho t&oacute;c kh&ocirc;, xơ gi&uacute;p cung cấp dinh dưỡng cho m&aacute;i t&oacute;c yếu, chẻ ngọn một c&aacute;ch hiệu quả v&agrave; l&acirc;u d&agrave;i. Ngo&agrave;i ra,hương thơm quyến rũ lưu lại tr&ecirc;n t&oacute;c suốt cả ng&agrave;y v&agrave; đem lại sự mượt m&agrave; &oacute;ng mượt cho t&oacute;c.</p>\r\n<p>Tinh chất dưỡng t&oacute;c Aspasia Olive Essence với chiết xuất tr&aacute;i olive gi&uacute;p phục hồi sức sống v&agrave; dinh dưỡng cho m&aacute;i t&oacute;c kh&ocirc; v&agrave; chẻ ngọn.</p>\r\n<p>Hương thơm dịu nhẹ quyến rũ lưu lại tr&ecirc;n t&oacute;c suốt cả ng&agrave;y v&agrave; đem lại sự &oacute;ng mượt cho m&aacute;i t&oacute;c.</p>'),
(30, 2, 'Dầu Xả Phục Hồi Và Bảo Vệ Tóc Chiết Xuất Olive Và Argan ', 'Giúp tóc chắc khỏe, cân bằng độ ẩm và bóng mượt, làm mềm và mượt tóc, giúp tóc nhanh vào nếp', 'images/product/30/product-img.png', 'olive', '<h4>Dầu Xả Phục Hồi V&agrave; Bảo Vệ T&oacute;c Chiết Xuất Olive V&agrave; Argan</h4>\r\n<p>Chứa h&agrave;m lượng lớn oleic axit gi&uacute;p củng cố v&agrave; bảo vệ t&oacute;c bằng c&aacute;ch li&ecirc;n kết lại c&aacute;c tế b&agrave;o gốc tự nhi&ecirc;n.</p>\r\n<p>Kết hợp với h&agrave;m lượng cao Protein Complex tạo n&ecirc;n bởi protein của đậu n&agrave;nh, l&uacute;a mạch v&agrave; ng&ocirc;, dầu xả t&oacute;c olive v&agrave; argan gi&uacute;p t&oacute;c chắc khỏe, c&acirc;n bằng độ ẩm v&agrave; b&oacute;ng mượt.</p>\r\n<p>Tinh dầu Olive Gi&uacute;p l&agrave;m mềm v&agrave; mượt t&oacute;c, gi&uacute;p t&oacute;c nhanh v&agrave;o nếp, thấm s&acirc;u k&iacute;ch th&iacute;ch t&oacute;c nhanh mọc d&agrave;i, dưỡng ẩm tr&aacute;nh bong tr&oacute;c da đầu. Trị g&agrave;u, giảm kh&ocirc; da đầu, c&oacute; thể trị nấm da đầu giảm ngứa do gầu g&acirc;y ra. C&aacute;c dưỡng chất trong dầu oliu c&oacute; t&aacute;c dụng k&iacute;ch th&iacute;ch ch&acirc;n t&oacute;c, gi&uacute;p t&oacute;c nhanh mọc d&agrave;i, giảm g&atilde;y rụng, tạo độ d&agrave;y cho m&aacute;i t&oacute;c.</p>'),
(31, 3, 'Gel Tạo Tóc Gatsby Wg Uh-Gel Siêu Cứng Level 9 ', 'Tạo kiểu tóc siêu cứng ấn tượng, tính năng độc đáo giữ được độ cứng cho tóc', 'images/product/31/product-img.png', 'gatsby', '<h4>Gel Tạo T&oacute;c Gatsby Wg Uh-Gel Si&ecirc;u Cứng Level 9</h4>\r\n<p>Tạo kiểu t&oacute;c si&ecirc;u cứng ấn tượng</p>\r\n<p>T&iacute;nh năng độc đ&aacute;o giữ được độ cứng cho t&oacute;c.</p>\r\n<p>Bổ sung t&iacute;nh năng kh&ocirc;ng bết d&iacute;nh</p>\r\n<p>Gi&uacute;p tạo kiểu đa dạng</p>\r\n<p>Giữ độ b&oacute;ng tốt</p>'),
(32, 3, 'Wax Tạo Kiểu Tóc Amby London Hex Twisted Fibre', 'Tạo kiểu, làm bóng, giữ nếp và bảo vệ tóc, khô nhanh, không gây bết dính', 'images/product/32/product-img.png', 'amby', '<h4>Wax Tạo Kiểu T&oacute;c Amby London Hex Twisted Fibre</h4>\r\n<p>S&aacute;p tạo kiểu giữ nếp tốt, hương thơm nhẹ nh&agrave;ng, dễ d&agrave;ng gội sạch v&agrave; kh&ocirc;ng l&agrave;m nặng t&oacute;c.</p>\r\n<p>Wax với c&ocirc;ng thức độc đ&aacute;o gi&uacute;p t&oacute;c dễ v&agrave;o nếp đồng thời tạo lớp m&agrave;ng bảo vệ t&oacute;c khỏi c&aacute;c t&aacute;c hại của m&ocirc;i trường v&agrave; &aacute;nh nắng mặt trời, đem lại m&aacute;i t&oacute;c phong c&aacute;ch, c&aacute; t&iacute;nh như &yacute; muốn.</p>\r\n<p>Sản phẩm được sản xuất tại Malaysia với c&aacute;c th&agrave;nh phần an to&agrave;n với m&aacute;i t&oacute;c người sử dụng.</p>'),
(33, 3, 'Gel Tạo Kiểu Tóc Goodlook Hard Hair Gel ', 'Bảo vệ tóc, giúp tóc bóng mượt, hương thơm nam tính, phù hợp với mọi loại tóc', 'images/product/33/product-img.png', 'goodluck', '<h4>Gel Tạo Kiểu T&oacute;c Goodlook Hard Hair Gel</h4>\r\n<p>Được sản xuất từ th&agrave;nh phần gi&agrave;u protein, chiết xuất hạnh nh&acirc;n, tiền Vitamin B5 v&agrave; hoạt chất lọc tia UV.</p>\r\n<p>Gel gi&uacute;p tạo kiểu t&oacute;c đứng v&agrave; giữ nếp l&acirc;u, hương thơm nam t&iacute;nh, ph&ugrave; hợp với mọi loại t&oacute;c.</p>\r\n<p>Kh&ocirc;ng chỉ vậy, gel c&ograve;n gi&uacute;p bảo vệ t&oacute;c trước t&aacute;c hại của bụi bẩn, &ocirc; nhiễm v&agrave; tia bức xạ mặt trời, gi&uacute;p t&oacute;c lu&ocirc;n khỏe mạnh, b&oacute;ng mượt v&agrave; dễ chải.</p>'),
(34, 3, 'Gel Gatsby Vuốt Tóc Siêu Cứng SH', 'Nhanh khô và tạo kiểu tóc không dính và sáng bóng, chứa tác nhân tạo kiểu chống ẩm có khả năng chống mồ hôi và độ ẩm', 'images/product/34/product-img.png', 'gatsby', '<h4>Gel Gatsby Vuốt T&oacute;c Si&ecirc;u Cứng SH</h4>\r\n<p>Nhanh kh&ocirc; v&agrave; tạo kiểu t&oacute;c kh&ocirc;ng d&iacute;nh v&agrave; s&aacute;ng b&oacute;ng. Chứa t&aacute;c nh&acirc;n tạo kiểu chống ẩm c&oacute; khả năng chống mồ h&ocirc;i v&agrave; độ ẩm.</p>\r\n<p>Dễ d&agrave;ng để restyle với nước.</p>\r\n<p>L&agrave;m mới hương thơm cam qu&yacute;t v&agrave; chứa pro-vitamin B5.</p>'),
(35, 3, 'Gel Tạo Kiểu Tóc Goodlook Wet Hard Styling Gel', 'Bảo vệ tóc, giúp tóc bóng mượt, hương thơm nam tính, phù hợp với mọi loại tóc', 'images/product/35/product-img.png', 'goodluck', '<h4>Gel Tạo Kiểu T&oacute;c Goodlook Wet Hard Styling Gel</h4>\r\n<p>Được sản xuất từ th&agrave;nh phần gi&agrave;u vitamin E, chiết xuất hạnh nh&acirc;n, tiền Vitamin B5 v&agrave; hoạt chất lọc tia UV.</p>\r\n<p>Gel gi&uacute;p tạo kiểu t&oacute;c đứng v&agrave; giữ nếp l&acirc;u, hương thơm nam t&iacute;nh, ph&ugrave; hợp với mọi loại t&oacute;c.</p>\r\n<p>Kh&ocirc;ng chỉ vậy, gel c&ograve;n gi&uacute;p bảo vệ t&oacute;c trước t&aacute;c hại của bụi bẩn, &ocirc; nhiễm v&agrave; tia bức xạ mặt trời, gi&uacute;p t&oacute;c lu&ocirc;n khỏe mạnh, b&oacute;ng mượt v&agrave; dễ chải.</p>'),
(36, 3, 'Gel vuốt tóc Romano Classic Siêu cứng', 'Giữ nếp siêu cứng, hương thơm nam tính, giúp tóc bóng khỏe, phù hợp với mọi loại tóc', 'images/product/36/product-img.png', 'romano', '<h4>Gel vuốt t&oacute;c Romano Classic Si&ecirc;u cứng</h4>\r\n<p>Giữ nếp si&ecirc;u cứng</p>\r\n<p>Gi&uacute;p t&oacute;c b&oacute;ng khỏe</p>\r\n<p>Ph&ugrave; hợp với mọi loại t&oacute;c</p>\r\n<p>Gi&uacute;p tạo những kiểu t&oacute;c ấn tượng với độ giữ nếp cứng. Gel tạo kiểu t&oacute;c Romano Classic si&ecirc;u cứng với c&ocirc;ng thức cải thiện gi&agrave;u chất giữ ẩm gi&uacute;p cho t&oacute;c b&oacute;ng khỏe. Kh&ocirc;ng l&agrave;m d&iacute;nh t&oacute;c, chứa th&agrave;nh phần ngăn tia UV. Hương thơm độc đ&aacute;o Romano Classic cho bạn một phong c&aacute;ch lịch l&atilde;m v&agrave; đầy quyến rũ. ​Hướng dẫn sử dụng Cho lượng gel vừa đủ v&agrave;o l&ograve;ng b&agrave;n tay, xoa đều v&agrave; vuốt l&ecirc;n t&oacute;c để tạo kiểu theo &yacute; muốn. Sau khi đội mũ bảo hiểm, l&agrave;m ẩm t&oacute;c để tạo lại kiểu t&oacute;c ưng &yacute;. Bảo quản Tr&aacute;nh để ở nhiệt độ cao. Đ&oacute;ng nắp sau khi sử dụng.</p>'),
(37, 3, 'Gel X-Men Siêu Cứng & Bóng Tóc', 'Giải pháp giúp tóc không bị mất nếp, giúp giữ nếp siêu cứng ở cấp độ 6, dễ dàng tạo lại kiểu tóc sau khi đội mũ bảo hiểm', 'images/product/37/product-img.png', 'xmen', '<h4>Gel X-Men Si&ecirc;u Cứng &amp; B&oacute;ng T&oacute;c</h4>\r\n<p>Giải ph&aacute;p gi&uacute;p t&oacute;c kh&ocirc;ng bị mất nếp v&agrave; dễ d&agrave;ng tạo những kiểu t&oacute;c thật thời trang theo &yacute; muốn.</p>\r\n<p>Gel với hợp chất Copolymer v&agrave; Panthenol gi&uacute;p giữ nếp si&ecirc;u cứng ở cấp độ 6, dễ d&agrave;ng tạo lại kiểu t&oacute;c sau khi đội mũ bảo hiểm v&agrave; nu&ocirc;i dưỡng t&oacute;c chắc khỏe.</p>\r\n<p>Với X-men, bạn sẽ khẳng định được phong c&aacute;ch nam t&iacute;nh của m&igrave;nh với những kiểu t&oacute;c ấn tượng v&agrave; ho&agrave;n hảo nhất.</p>'),
(38, 3, 'Gel X-Men Cứng Tóc', 'Giữ nếp tóc tự nhiên, ít bết dính, dễ dàng tạo kiểu tóc, hương gỗ trầm đỏ và hỗ phách, phù hợp với mọi loại tóc', 'images/product/38/product-img.png', 'xmen', '<h4>Gel X-Men Cứng T&oacute;c</h4>\r\n<p>Với c&ocirc;ng thức \"Strong Hold\" giữ l&acirc;u nếp t&oacute;c, giữ độ ẩm tự nhi&ecirc;n cho t&oacute;c v&agrave; kh&ocirc;ng g&acirc;y nhờn.</p>\r\n<p>Gel vuốt t&oacute;c Xmen gi&uacute;p bạn tạo những nếp t&oacute;c theo &yacute; muốn, giữ nếp t&oacute;c l&acirc;u v&agrave; cho m&aacute;i t&oacute;c b&oacute;ng mượt.</p>\r\n<p>Quan trọng hơn l&agrave; hương thơm độc đ&aacute;o, qu&yacute; ph&aacute;i của nước hoa Xmen Sport sẽ tạo cho bạn một phong c&aacute;ch, một c&aacute; t&iacute;nh đ&agrave;n &ocirc;ng đ&uacute;ng nghĩa.</p>\r\n<p>D&agrave;nh cho mọi loại t&oacute;c.</p>');

-- --------------------------------------------------------

--
-- Table structure for table `reservations`
--

CREATE TABLE `reservations` (
  `reservation_id` int(11) NOT NULL,
  `reservation_status` int(11) NOT NULL,
  `reservation_date` varchar(11) NOT NULL,
  `reservation_time` int(11) NOT NULL,
  `reservation_marks` int(11) NOT NULL DEFAULT '0',
  `reservation_remark` text,
  `customer_id` varchar(12) NOT NULL,
  `stylist_id` int(11) NOT NULL,
  `branch_id` int(11) NOT NULL,
  `service_id` int(11) NOT NULL
) ENGINE=InnoDB DEFAULT CHARSET=utf8 ROW_FORMAT=DYNAMIC;

--
-- Dumping data for table `reservations`
--

INSERT INTO `reservations` (`reservation_id`, `reservation_status`, `reservation_date`, `reservation_time`, `reservation_marks`, `reservation_remark`, `customer_id`, `stylist_id`, `branch_id`, `service_id`) VALUES
(14, 3, '12/12/2018', 11, 5, 'Good!', '0906070937', 2, 1, 1),
(17, 0, '13/12/2018', 12, 0, NULL, '0906070937', 2, 1, 3);

-- --------------------------------------------------------

--
-- Table structure for table `services`
--

CREATE TABLE `services` (
  `service_id` int(11) NOT NULL,
  `service_name` varchar(50) NOT NULL DEFAULT 'Service',
  `service_duration` int(11) NOT NULL DEFAULT '1',
  `service_price` int(11) NOT NULL DEFAULT '100000',
  `service_image` text
) ENGINE=InnoDB DEFAULT CHARSET=utf8 ROW_FORMAT=DYNAMIC;

--
-- Dumping data for table `services`
--

INSERT INTO `services` (`service_id`, `service_name`, `service_duration`, `service_price`, `service_image`) VALUES
(1, 'Cắt tóc', 1, 100000, NULL),
(2, 'Nhuộm tóc', 1, 100000, NULL),
(3, 'Uốn tóc', 1, 200000, NULL),
(4, 'Combo Cắt và Nhuộm tóc', 2, 180000, NULL),
(5, 'Combo Cắt, Nhuộm, Uốn tóc', 3, 350000, NULL),
(6, 'Dưỡng tóc', 2, 150000, NULL);

-- --------------------------------------------------------

--
-- Table structure for table `stylists`
--

CREATE TABLE `stylists` (
  `stylist_id` int(11) NOT NULL,
  `stylist_branch_id` int(11) NOT NULL,
  `stylist_name` varchar(30) NOT NULL DEFAULT 'Stylist',
  `stylist_password` varchar(10) NOT NULL DEFAULT '123',
  `stylist_image` text,
  `stylist_status` int(11) NOT NULL DEFAULT '1',
  `stylist_phone` varchar(20) DEFAULT NULL
) ENGINE=InnoDB DEFAULT CHARSET=utf8 ROW_FORMAT=DYNAMIC;

--
-- Dumping data for table `stylists`
--

INSERT INTO `stylists` (`stylist_id`, `stylist_branch_id`, `stylist_name`, `stylist_password`, `stylist_image`, `stylist_status`, `stylist_phone`) VALUES
(1, 1, 'David Beckham', 'david', '', 1, '0123456789'),
(2, 1, 'Taylor Swift', '0906070937', NULL, 1, '0123456788'),
(5, 1, 'Selena Gomez', 'selena', '', 1, '0123456787'),
(6, 2, 'Chris Pratt', 'chris', NULL, 1, '0123456786'),
(7, 2, 'Irelia', '123', '', 0, '0123456785'),
(8, 1, 'Dr. Mundo', 'mundo', NULL, 1, '0123456784');

-- --------------------------------------------------------

--
-- Table structure for table `users`
--

CREATE TABLE `users` (
  `id` int(11) NOT NULL,
  `firstname` varchar(60) DEFAULT NULL,
  `lastname` varchar(60) DEFAULT NULL,
  `email` varchar(255) DEFAULT NULL,
  `password` varchar(255) NOT NULL,
  `is_active` tinyint(1) DEFAULT '0',
  `role` varchar(20) DEFAULT NULL,
  `last_login` datetime DEFAULT NULL,
  `last_edit` datetime DEFAULT NULL,
  `created` datetime DEFAULT NULL,
  `modified` datetime DEFAULT NULL
) ENGINE=InnoDB DEFAULT CHARSET=utf8 ROW_FORMAT=DYNAMIC;

--
-- Dumping data for table `users`
--

INSERT INTO `users` (`id`, `firstname`, `lastname`, `email`, `password`, `is_active`, `role`, `last_login`, `last_edit`, `created`, `modified`) VALUES
(1, 'Admin', 'admin', 'admin@mail.com', '$2y$10$R7qK0UgtTyOeJ/GRVQYNoua7g1Jbli/Y.hTruHdt9R6StAcYlUI06', 1, 'admin', NULL, '2018-12-03 20:20:33', NULL, '2018-12-03 20:20:33');

--
-- Indexes for dumped tables
--

--
-- Indexes for table `articles`
--
ALTER TABLE `articles`
  ADD PRIMARY KEY (`article_id`) USING BTREE,
  ADD KEY `fk_article_category_id` (`article_category_id`) USING BTREE;

--
-- Indexes for table `branches`
--
ALTER TABLE `branches`
  ADD PRIMARY KEY (`branch_id`) USING BTREE;

--
-- Indexes for table `categories`
--
ALTER TABLE `categories`
  ADD PRIMARY KEY (`category_id`) USING BTREE;

--
-- Indexes for table `customers`
--
ALTER TABLE `customers`
  ADD PRIMARY KEY (`customer_id`) USING BTREE;

--
-- Indexes for table `log_users`
--
ALTER TABLE `log_users`
  ADD PRIMARY KEY (`id`) USING BTREE;

--
-- Indexes for table `products`
--
ALTER TABLE `products`
  ADD PRIMARY KEY (`product_id`) USING BTREE,
  ADD KEY `fk_product_category_id` (`product_category_id`) USING BTREE;

--
-- Indexes for table `reservations`
--
ALTER TABLE `reservations`
  ADD PRIMARY KEY (`reservation_id`) USING BTREE,
  ADD KEY `fk_reserve_customer_id` (`customer_id`) USING BTREE,
  ADD KEY `fk_reserve_stylist_id` (`stylist_id`) USING BTREE,
  ADD KEY `fk_reserve_branch_id` (`branch_id`) USING BTREE;

--
-- Indexes for table `services`
--
ALTER TABLE `services`
  ADD PRIMARY KEY (`service_id`) USING BTREE;

--
-- Indexes for table `stylists`
--
ALTER TABLE `stylists`
  ADD PRIMARY KEY (`stylist_id`) USING BTREE,
  ADD KEY `fk_stylist_branch_id` (`stylist_branch_id`) USING BTREE;

--
-- Indexes for table `users`
--
ALTER TABLE `users`
  ADD PRIMARY KEY (`id`) USING BTREE;

--
-- AUTO_INCREMENT for dumped tables
--

--
-- AUTO_INCREMENT for table `articles`
--
ALTER TABLE `articles`
  MODIFY `article_id` int(11) NOT NULL AUTO_INCREMENT, AUTO_INCREMENT=17;

--
-- AUTO_INCREMENT for table `branches`
--
ALTER TABLE `branches`
  MODIFY `branch_id` int(11) NOT NULL AUTO_INCREMENT, AUTO_INCREMENT=3;

--
-- AUTO_INCREMENT for table `categories`
--
ALTER TABLE `categories`
  MODIFY `category_id` int(11) NOT NULL AUTO_INCREMENT, AUTO_INCREMENT=5;

--
-- AUTO_INCREMENT for table `log_users`
--
ALTER TABLE `log_users`
  MODIFY `id` int(11) NOT NULL AUTO_INCREMENT, AUTO_INCREMENT=5;

--
-- AUTO_INCREMENT for table `products`
--
ALTER TABLE `products`
  MODIFY `product_id` int(11) NOT NULL AUTO_INCREMENT, AUTO_INCREMENT=39;

--
-- AUTO_INCREMENT for table `reservations`
--
ALTER TABLE `reservations`
  MODIFY `reservation_id` int(11) NOT NULL AUTO_INCREMENT, AUTO_INCREMENT=18;

--
-- AUTO_INCREMENT for table `services`
--
ALTER TABLE `services`
  MODIFY `service_id` int(11) NOT NULL AUTO_INCREMENT, AUTO_INCREMENT=7;

--
-- AUTO_INCREMENT for table `stylists`
--
ALTER TABLE `stylists`
  MODIFY `stylist_id` int(11) NOT NULL AUTO_INCREMENT, AUTO_INCREMENT=9;

--
-- AUTO_INCREMENT for table `users`
--
ALTER TABLE `users`
  MODIFY `id` int(11) NOT NULL AUTO_INCREMENT, AUTO_INCREMENT=2;
COMMIT;

/*!40101 SET CHARACTER_SET_CLIENT=@OLD_CHARACTER_SET_CLIENT */;
/*!40101 SET CHARACTER_SET_RESULTS=@OLD_CHARACTER_SET_RESULTS */;
/*!40101 SET COLLATION_CONNECTION=@OLD_COLLATION_CONNECTION */;
